"state","chsq.prob","odds","pval","cases_yearly","max_cases_monthly","cases_2years","max_gaplength","mean_gaplength","t_since_last_case","t_nocase_prior_lastcase","consecutive_cases_2yr"
"BOL.1_1",9.85890528659716e-07,0.913308088866723,7.55835295614382e-05,12.8,25,31,23,1.69565217391304,23,0,"Y"
"BOL.2_1",1.23020299502841e-08,0.885176341424306,4.2283781191637e-05,46.4,98,110,11,0.9375,10,0,"Y"
"BOL.3_1",2.08140536472889e-07,0.903860571435545,5.40883287595313e-05,6.4,8,5,11,2.1,11,11,"N"
"BOL.4_1",9.22228959865379e-12,0.829347675519005,9.05399905009305e-05,17,11,12,14,1,8,14,"N"
"BOL.5_1",7.41662544712085e-08,0.897218724057786,4.72094364823945e-05,12.8,17,20,11,1.38461538461538,8,2,"N"
"BOL.6_1",NA,NA,NA,0,0,0,61,61,61,0,"N"
"BOL.7_1",3.83585487817584e-08,0.890523719219701,5.3271741406047e-05,6.2,6,11,23,2.875,23,0,"Y"
"BOL.8_1",1.37353128870643e-10,0.831088378745198,0.000175781576656397,52,88,120,11,0.631578947368421,7,3,"Y"
"BOL.9_1",3.40448260487403e-05,0.930762123634451,0.000336934525129211,19.4,29,4,23,1.81818181818182,23,3,"N"
