"state","chsq.prob","odds","pval","cases_yearly","max_cases_monthly","cases_2years","max_gaplength","mean_gaplength","t_since_last_case","t_nocase_prior_lastcase","consecutive_cases_2yr"
"BOL.1_1",0.000541546397341497,0.854089272624905,0.0274184851164558,31.2,11,35,4,0.26530612244898,0,4,"Y"
"BOL.2_1",0.016184654649016,0.430822573548814,0.325863570082801,123.8,38,171,2,0.0508474576271186,2,0,"Y"
"BOL.3_1",0.00000000410993128419079,1.13371347114799,0.0000300063859932066,6.2,8,26,17,1.95238095238095,1,0,"Y"
"BOL.4_1",NA,NA,NA,57,17,72,1,0.0508474576271186,0,0,"Y"
"BOL.5_1",0.00158441401337783,1.13695887482836,0.0289618350210594,23.4,8,36,4,0.377777777777778,0,0,"Y"
"BOL.6_1",NA,NA,NA,0,0,0,61,61,61,0,"N"
"BOL.7_1",0.0089381369023892,0.947701563012821,0.0175738566617063,15.8,6,21,6,0.55,3,1,"Y"
"BOL.8_1",NA,NA,NA,234.4,87,197,1,0.0333333333333333,1,0,"Y"
"BOL.9_1",0.25636417337953,0.982970319563602,0.261061181384634,14.4,29,40,7,1.58333333333333,0,0,"Y"
