"state","chsq.prob","odds","pval","cases_yearly","max_cases_monthly","cases_2years","max_gaplength","mean_gaplength","t_since_last_case","t_nocase_prior_lastcase","consecutive_cases_2yr"
"BOL.1_1",0.00581632592969128,0.847324004058538,0.0853964361127491,32.4,11,39,3,0.192307692307692,1,0,"Y"
"BOL.2_1",0.0000281715906852442,58620578358346506240,0.99951574051751,127.8,38,190,4,0.0689655172413793,0,0,"Y"
"BOL.3_1",2.08932871004208e-10,1.16715529267479,0.0000483886471926466,5.6,8,25,21,2.44444444444444,0,0,"Y"
"BOL.4_1",NA,NA,NA,57.8,17,73,1,0.0508474576271186,0,0,"Y"
"BOL.5_1",0.0000323234054052657,1.15640193808344,0.00600123130934833,23,8,35,5,0.441860465116279,1,0,"Y"
"BOL.6_1",NA,NA,NA,0,0,0,61,61,61,0,"N"
"BOL.7_1",0.0654759769716582,0.959941457381689,0.0830121239740778,16.2,6,19,6,0.51219512195122,1,1,"Y"
"BOL.8_1",NA,NA,NA,234.2,87,234,2,0.0508474576271186,0,0,"Y"
"BOL.9_1",0.0188248144168627,0.964013465934741,0.0244444277092108,13.6,29,34,7,1.69565217391304,1,0,"Y"
