"state","chsq.prob","odds","pval","cases_yearly","max_cases_monthly","cases_2years","max_gaplength","mean_gaplength","t_since_last_case","t_nocase_prior_lastcase","consecutive_cases_2yr"
"BOL.1_1",1.4992523178492e-06,0.914292760597355,9.46785548922945e-05,16,25,40,18,1.2962962962963,18,0,"Y"
"BOL.2_1",1.72974856882391e-07,0.89082505151699,0.000123823227414606,59.8,98,132,11,0.675675675675676,5,0,"Y"
"BOL.3_1",0.000143008086917362,0.937866635042026,0.00074130594861346,6.6,8,7,11,1.95238095238095,6,11,"Y"
"BOL.4_1",1.65779057148541e-10,0.833081317530205,0.000169269207721855,19.6,11,18,14,0.722222222222222,3,14,"Y"
"BOL.5_1",6.96901426788799e-07,0.902316207085625,0.000132356892754318,13.4,17,24,11,1.13793103448276,3,2,"N"
"BOL.6_1",NA,NA,NA,0,0,0,61,61,61,0,"N"
"BOL.7_1",2.69276030800958e-05,0.928415583947934,0.000322155307461307,6.4,6,11,18,2.64705882352941,18,0,"Y"
"BOL.8_1",1.52675793119172e-08,0.840370940163083,0.000558292460020065,62.6,88,128,11,0.441860465116279,2,3,"Y"
"BOL.9_1",0.0229171140810202,0.965288369323376,0.0288557772691018,19.4,29,7,18,1.81818181818182,18,3,"Y"
