"state","chsq.prob","odds","pval","cases_yearly","max_cases_monthly","cases_2years","max_gaplength","mean_gaplength","t_since_last_case","t_nocase_prior_lastcase","consecutive_cases_2yr"
"BOL.1_1",0.065994521352466,0.957738231090591,0.08586912745608,21.4,11,27,4,0.409090909090909,0,0,"Y"
"BOL.2_1",0.0251319262129824,0.919441923191372,0.0715798649604407,65.4,18,72,3,0.169811320754717,0,0,"Y"
"BOL.3_1",0.225471708947094,1.01844165250564,0.230638850260879,6.6,8,16,14,1.69565217391304,1,0,"Y"
"BOL.4_1",0.000606567766401223,0.715454342026259,0.0878067860581224,33.4,10,42,2,0.192307692307692,2,0,"Y"
"BOL.5_1",0.00465256883635878,0.922388936847372,0.0203645174771257,20.4,8,30,3,0.476190476190476,2,1,"Y"
"BOL.6_1",NA,NA,NA,0,0,0,61,61,61,0,"N"
"BOL.7_1",0.0154414343471582,0.961354810129332,0.0212858579904672,9.8,6,8,6,1.21428571428571,5,5,"N"
"BOL.8_1",NA,NA,NA,148,52,66,1,0.0508474576271186,0,0,"Y"
"BOL.9_1",0.00219761434992227,1.05133921040117,0.0045990735205471,19.6,29,91,7,1.48,2,0,"Y"
