"state","chsq.prob","odds","pval","cases_yearly","max_cases_monthly","cases_2years","max_gaplength","mean_gaplength","t_since_last_case","t_nocase_prior_lastcase","consecutive_cases_2yr"
"BOL.1_1",0.00206260910342138,0.938504355575869,0.00667215853876142,24.2,25,52,5,0.58974358974359,5,0,"Y"
"BOL.2_1",0.0000265415874528552,0.875846381580841,0.00388494967232623,80.6,98,145,5,0.291666666666667,5,0,"Y"
"BOL.3_1",0.224420936846552,0.981809350882607,0.229637681590549,7.4,8,7,8,1.58333333333333,5,2,"Y"
"BOL.4_1",0.0000000709287881761611,0.722487355963625,0.00934334122172327,26.6,11,30,5,0.347826086956522,5,3,"Y"
"BOL.5_1",0.0000410490502114058,0.904173843081035,0.00161364043284639,16.8,17,34,5,0.722222222222222,5,3,"Y"
"BOL.6_1",NA,NA,NA,0,0,0,61,61,61,0,"N"
"BOL.7_1",0.0372125789453115,0.968218203037034,0.0440019415791599,10.4,6,14,6,1.58333333333333,5,0,"Y"
"BOL.8_1",0.0000000044406337496028,1.10997594054637e-20,0.999560235383629,109.8,88,126,5,0.148148148148148,5,0,"Y"
"BOL.9_1",0.0416547155312799,1.03203100635306,0.0485905537113826,19.8,29,60,7,1.58333333333333,5,3,"Y"
