"state","chsq.prob","odds","pval","cases_yearly","max_cases_monthly","cases_2years","max_gaplength","mean_gaplength","t_since_last_case","t_nocase_prior_lastcase","consecutive_cases_2yr"
"BOL.1_1",0.0000152062275285969,0.920393043773174,0.000339946174496456,18.2,25,45,12,0.9375,12,0,"Y"
"BOL.2_1",0.00000222161075436045,0.889820475957307,0.000567233798499212,68.2,98,137,11,0.476190476190476,0,11,"Y"
"BOL.3_1",0.00477787679782804,0.956068572567099,0.00806755967805503,7.2,8,8,11,1.58333333333333,0,11,"Y"
"BOL.4_1",2.50766074572084e-12,0.702684366005803,0.00310589317306794,22,11,23,12,0.58974358974359,12,3,"Y"
"BOL.5_1",0.00001288610631478,0.91356246755735,0.000454947929779267,14.4,17,29,11,1,0,11,"Y"
"BOL.6_1",NA,NA,NA,0,0,0,61,61,61,0,"N"
"BOL.7_1",0.0122385406623688,0.961312160564981,0.0171214127907174,7,6,12,12,2.44444444444444,12,0,"Y"
"BOL.8_1",0.0000000187771146409332,0.769235641455573,0.00371537230731472,73.8,88,118,11,0.291666666666667,0,11,"Y"
"BOL.9_1",0.648951452101068,0.993221762450858,0.649460048294032,19.6,29,13,12,1.69565217391304,12,3,"Y"
