"state","chsq.prob","odds","pval","cases_yearly","max_cases_monthly","cases_2years","max_gaplength","mean_gaplength","t_since_last_case","t_nocase_prior_lastcase","consecutive_cases_2yr"
"BOL.1_1",0,66754990105857449984,0.999530022443827,11.6,6,58,37,1.69565217391304,0,0,"Y"
"BOL.2_1",1.00652819412517e-12,1.26053507116618,0.000290298626225336,64.2,38,321,37,2.1,0,0,"Y"
"BOL.3_1",NA,NA,NA,0,0,0,61,61,61,0,"N"
"BOL.4_1",0,69817118503594442752,0.999534805033763,21.2,12,106,36,1.38461538461538,0,0,"Y"
"BOL.5_1",0.0000094140634475659,1.12249573413099,0.00122796330562337,2.4,3,11,34,6.75,0,0,"Y"
"BOL.6_1",NA,NA,NA,0,0,0,61,61,61,0,"N"
"BOL.7_1",2.83106871279415e-14,1.33154774049007,0.00079741829002844,6.2,4,30,33,2.26315789473684,0,0,"Y"
"BOL.8_1",1.28785870856518e-14,1.37786413909964,0.00146270626570744,19,19,94,34,2.44444444444444,0,0,"Y"
"BOL.9_1",2.25042207091519e-13,1.29722850465443,0.000521070291536871,6.6,7,33,36,2.875,0,1,"Y"
