"state","chsq.prob","odds","pval","cases_yearly","max_cases_monthly","cases_2years","max_gaplength","mean_gaplength","t_since_last_case","t_nocase_prior_lastcase","consecutive_cases_2yr"
"BOL.1_1",1.11022302462516e-16,225347502549765029888,0.99964347410404,4.8,3,24,46,3.42857142857143,0,0,"Y"
"BOL.2_1",0.00000000311173564693235,1.2423915541332,0.00109086516800418,12.4,23,62,46,4.63636363636364,0,0,"Y"
"BOL.3_1",NA,NA,NA,0,0,0,61,61,61,0,"N"
"BOL.4_1",0,244613196503767384064,0.999650110687728,8.8,5,44,45,2.64705882352941,0,0,"Y"
"BOL.5_1",0.00194961277670014,1.11055525947471,0.0203363360460351,0.8,2,4,43,14.5,4,4,"N"
"BOL.6_1",NA,NA,NA,0,0,0,61,61,61,0,"N"
"BOL.7_1",2.34251507080785e-11,1.32336310504499,0.00138532668440394,2.2,2,11,42,5.2,0,0,"Y"
"BOL.8_1",2.21357376872788e-11,1.36959634271059,0.00232320470589905,2.8,5,14,43,5.88888888888889,0,1,"Y"
"BOL.9_1",7.4721884235629e-10,1.28151063192412,0.00144563561550636,2.2,3,11,45,6.75,0,0,"Y"
