"state","chsq.prob","odds","pval","cases_yearly","max_cases_monthly","cases_2years","max_gaplength","mean_gaplength","t_since_last_case","t_nocase_prior_lastcase","consecutive_cases_2yr"
"BOL.1_1",1.10130147223941e-08,0.8238279341401,0.000897984663397291,9.2,25,0,44,4.16666666666667,44,0,"N"
"BOL.2_1",1.48987991610561e-07,0.877843630709453,0.000254075599685458,28.2,98,0,31,3.76923076923077,31,0,"N"
"BOL.3_1",0.00143029239067105,0.921458357147721,0.00896378935714929,1.6,4,0,32,9.33333333333333,32,11,"N"
"BOL.4_1",6.13306327945651e-09,0.839860262375296,0.000411030131816324,5.6,11,0,29,4.63636363636364,29,14,"N"
"BOL.5_1",5.92622852924052e-06,0.902057501276493,0.000524694448064463,6.8,17,0,29,5.2,29,2,"N"
"BOL.6_1",NA,NA,NA,0,0,0,61,61,61,0,"N"
"BOL.7_1",0.000119959677218118,0.869452709809872,0.00990650047290412,2.6,6,0,44,11.4,44,0,"N"
"BOL.8_1",6.6826433275935e-11,0.830052489238976,0.00014988505058981,29.2,88,0,28,2.44444444444444,28,3,"N"
"BOL.9_1",1.2134737659153e-13,0.524973618137887,0.0241134067221272,7.2,11,0,44,4.63636363636364,44,3,"N"
