"state","chsq.prob","odds","pval","cases_yearly","max_cases_monthly","cases_2years","max_gaplength","mean_gaplength","t_since_last_case","t_nocase_prior_lastcase","consecutive_cases_2yr"
"BOL.1_1",1.92663778164626e-06,0.914898126966094,0.000108415161259373,16.8,25,42,17,1.21428571428571,17,0,"Y"
"BOL.2_1",3.52909699574688e-07,0.892578557951984,0.000166866292556968,62,98,136,11,0.631578947368421,4,0,"Y"
"BOL.3_1",0.00013316238930583,0.937649186098303,0.000705910139882389,6.8,8,7,11,1.81818181818182,5,11,"Y"
"BOL.4_1",3.6593528207618e-10,0.834346287540315,0.000203571410855391,20.4,11,19,14,0.675675675675676,2,14,"Y"
"BOL.5_1",1.29940041937449e-06,0.9039094159687,0.000177561367481216,13.4,17,26,11,1.13793103448276,2,2,"Y"
"BOL.6_1",NA,NA,NA,0,0,0,61,61,61,0,"N"
"BOL.7_1",2.13676031833865e-05,0.927773317358038,0.000279065627784295,7,6,12,17,2.44444444444444,17,0,"Y"
"BOL.8_1",4.91346122677427e-08,0.843485269868296,0.000764328286946314,65.6,88,129,11,0.409090909090909,1,3,"Y"
"BOL.9_1",0.0675723660706468,0.972412095941344,0.0748022822635682,19.4,29,9,17,1.81818181818182,17,3,"Y"
