"state","chsq.prob","odds","pval","cases_yearly","max_cases_monthly","cases_2years","max_gaplength","mean_gaplength","t_since_last_case","t_nocase_prior_lastcase","consecutive_cases_2yr"
"BOL.1_1",6.66133814775094e-16,191573478260736425984,0.999629961889108,4,3,20,48,4.16666666666667,0,0,"Y"
"BOL.2_1",0.000000045724442010453,1.23117670484324,0.00194448820437002,3.8,7,19,48,5.88888888888889,4,0,"Y"
"BOL.3_1",NA,NA,NA,0,0,0,61,61,61,0,"N"
"BOL.4_1",2.22044604925031e-16,207687959689076015104,0.999636746314893,7.4,5,37,47,3.13333333333333,0,0,"Y"
"BOL.5_1",0.000417498053587928,1.14500630347688,0.0166912955688458,0.8,2,4,45,14.5,2,4,"N"
"BOL.6_1",NA,NA,NA,0,0,0,61,61,61,0,"N"
"BOL.7_1",2.56160648248738e-10,1.31734663833904,0.00187390386809436,1.6,2,8,44,6.75,1,2,"Y"
"BOL.8_1",2.96375923802827e-10,1.36279661872443,0.0030685315267633,1.8,2,9,45,6.75,0,0,"Y"
"BOL.9_1",0.0000000115226507224619,1.27083622431707,0.00236517165571503,1.6,3,8,47,9.33333333333333,2,1,"N"
