"state","chsq.prob","odds","pval","cases_yearly","max_cases_monthly","cases_2years","max_gaplength","mean_gaplength","t_since_last_case","t_nocase_prior_lastcase","consecutive_cases_2yr"
"BOL.1_1",7.11626374135799e-05,0.791697863425118,0.0282260540043181,31.8,11,37,3,0.24,3,0,"Y"
"BOL.2_1",NA,NA,NA,128.4,38,183,2,0.0333333333333333,0,0,"Y"
"BOL.3_1",1.08529407683022e-10,1.16841691468668,4.0087871719008e-05,6,8,25,19,2.1,0,0,"Y"
"BOL.4_1",NA,NA,NA,57.4,17,76,1,0.0508474576271186,0,0,"Y"
"BOL.5_1",4.64587038330189e-05,1.17351187783174,0.00967722755134318,23,8,36,5,0.441860465116279,1,1,"Y"
"BOL.6_1",NA,NA,NA,0,0,0,61,61,61,0,"N"
"BOL.7_1",0.0452458149282415,0.958125376818187,0.0606657675196952,16.2,6,21,6,0.51219512195122,1,1,"Y"
"BOL.8_1",NA,NA,NA,234.4,87,224,1,0.0333333333333333,0,0,"Y"
"BOL.9_1",0.0500357578104456,0.970196005309365,0.0571698621820058,13.6,29,35,7,1.69565217391304,0,2,"Y"
