"state","chsq.prob","odds","pval","cases_yearly","max_cases_monthly","cases_2years","max_gaplength","mean_gaplength","t_since_last_case","t_nocase_prior_lastcase","consecutive_cases_2yr"
"BOL.1_1",0.00142595001581214,2.25835525835212e-20,0.999487650286804,33.6,11,69,1,0.127272727272727,1,1,"Y"
"BOL.2_1",0.0288684558884923,1.10656801876084,0.0998759709035686,122.2,38,219,4,0.107142857142857,0,0,"Y"
"BOL.3_1",0.000000311241969086495,1.14636333640771,0.000490262987703806,2.8,2,13,31,4.63636363636364,0,0,"Y"
"BOL.4_1",NA,NA,NA,56.6,17,85,1,0.0508474576271186,0,0,"Y"
"BOL.5_1",0.000000335412730589901,1.13730441314325,0.000356335262930796,19.8,8,43,6,0.722222222222222,0,0,"Y"
"BOL.6_1",NA,NA,NA,0,0,0,61,61,61,0,"N"
"BOL.7_1",0.0105751123772959,0.946962831838172,0.0206857324321539,15,6,28,6,0.58974358974359,0,0,"Y"
"BOL.8_1",0.000414158863072833,1.46008333714431,0.0890450548156972,220,87,467,4,0.169811320754717,0,0,"Y"
"BOL.9_1",0.000699396418694431,0.94568299501843,0.00202881039636798,8.4,7,5,7,1.81818181818182,3,7,"N"
