"state","chsq.prob","odds","pval","cases_yearly","max_cases_monthly","cases_2years","max_gaplength","mean_gaplength","t_since_last_case","t_nocase_prior_lastcase","consecutive_cases_2yr"
"BOL.1_1",0.0390559081512392,0.875153093947178,0.162940192211705,32.8,11,41,3,0.169811320754717,0,1,"Y"
"BOL.2_1",8.86839665259487e-05,1.88195845344919,0.0985551458133207,123.6,38,179,4,0.087719298245614,0,0,"Y"
"BOL.3_1",5.24522869582711e-10,1.16523829387047,6.33937567731495e-05,3.8,2,18,23,2.875,0,1,"Y"
"BOL.4_1",NA,NA,NA,57,17,68,1,0.0508474576271186,0,0,"Y"
"BOL.5_1",2.30633103590616e-05,1.14419859085554,0.00385165445092026,21.4,8,29,5,0.476190476190476,0,0,"Y"
"BOL.6_1",NA,NA,NA,0,0,0,61,61,61,0,"N"
"BOL.7_1",0.123751668090607,0.968526033696443,0.138276153878287,16,6,19,6,0.51219512195122,1,0,"Y"
"BOL.8_1",NA,NA,NA,229.8,87,248,1,0.0508474576271186,0,0,"Y"
"BOL.9_1",0.00609457350027709,0.957289665958971,0.00978649553263045,8.4,7,5,7,1.69565217391304,0,0,"Y"
