"state","chsq.prob","odds","pval","cases_yearly","max_cases_monthly","cases_2years","max_gaplength","mean_gaplength","t_since_last_case","t_nocase_prior_lastcase","consecutive_cases_2yr"
"BOL.1_1",0.0279381244907602,0.856980121386559,0.15996299385021,32.8,11,49,3,0.169811320754717,1,0,"Y"
"BOL.2_1",0.000414158863072833,1.46008333714431,0.0890450548156972,123.4,38,192,4,0.087719298245614,0,0,"Y"
"BOL.3_1",9.18921938541928e-10,1.16398402054349,7.49680546980596e-05,3.6,2,17,24,3.13333333333333,1,0,"Y"
"BOL.4_1",NA,NA,NA,56.8,17,68,1,0.0508474576271186,0,0,"Y"
"BOL.5_1",5.55164296656141e-06,1.15282596489789,0.00240310052370345,21.2,8,30,5,0.51219512195122,0,0,"Y"
"BOL.6_1",NA,NA,NA,0,0,0,61,61,61,0,"N"
"BOL.7_1",0.0804380687512765,0.963926053271083,0.0960495862257089,16,6,22,6,0.51219512195122,0,0,"Y"
"BOL.8_1",NA,NA,NA,229.4,87,267,2,0.0689655172413793,0,0,"Y"
"BOL.9_1",0.00148814601888581,0.94961840551377,0.00341437340767121,8.2,7,5,7,1.81818181818182,0,3,"N"
