"state","chsq.prob","odds","pval","cases_yearly","max_cases_monthly","cases_2years","max_gaplength","mean_gaplength","t_since_last_case","t_nocase_prior_lastcase","consecutive_cases_2yr"
"BOL.1_1",0.00000000955362222665457,0.883585195456676,0.0000416324431267887,12,25,0,30,2.1,30,0,"N"
"BOL.2_1",0.00000000413971268375946,0.883195637127194,0.000027526595301779,38.2,98,4,17,1.48,17,0,"Y"
"BOL.3_1",0.00000435995654313182,0.9113357845371,0.00024573649319436,4.8,8,1,18,3.13333333333333,18,11,"N"
"BOL.4_1",2.8572699761753e-12,0.828178548232432,0.0000718266908589737,12.8,11,1,15,1.58333333333333,15,14,"N"
"BOL.5_1",0.0000000394904843270538,0.8959456862613,0.0000355554571579926,11,17,3,15,1.95238095238095,15,2,"N"
"BOL.6_1",NA,NA,NA,0,0,0,61,61,61,0,"N"
"BOL.7_1",0.0000000927316979870696,0.878875272107732,0.000187771960094112,4.4,6,0,30,4.63636363636364,30,0,"N"
"BOL.8_1",3.88789000993484e-12,0.826749880094181,0.0000837167808403566,42.4,88,28,14,1,14,3,"N"
"BOL.9_1",8.89410434190552e-10,0.8695562246929,0.0000365919301071362,19,29,0,30,2.1,30,3,"N"
