"state","chsq.prob","odds","pval","cases_yearly","max_cases_monthly","cases_2years","max_gaplength","mean_gaplength","t_since_last_case","t_nocase_prior_lastcase","consecutive_cases_2yr"
"BOL.1_1",2.73735201172798e-08,0.873755960162718,0.000138736502764833,10.4,25,0,37,2.875,37,0,"N"
"BOL.2_1",2.94076867302095e-08,0.886900189763394,5.99439138331195e-05,30.4,98,1,24,2.44444444444444,24,0,"N"
"BOL.3_1",0.00115944104385002,0.931532104752369,0.00537812842866103,2.2,4,0,25,5.88888888888889,25,11,"N"
"BOL.4_1",2.37274644376839e-11,0.830427832682819,0.000110170579414055,7.6,11,1,22,2.64705882352941,22,14,"N"
"BOL.5_1",3.9587426636789e-07,0.900939452784927,0.000101659125689491,7.8,17,2,22,3.13333333333333,22,2,"N"
"BOL.6_1",NA,NA,NA,0,0,0,61,61,61,0,"N"
"BOL.7_1",0.000145108299319463,0.904328334767588,0.00357959536860428,3.2,6,0,37,7.85714285714286,37,0,"N"
"BOL.8_1",3.07598391202646e-12,0.826528226407818,8.00706240995989e-05,31.6,88,23,21,1.58333333333333,21,3,"N"
"BOL.9_1",2.22044604925031e-16,0.524852765622046,0.0238744196130702,12.8,11,0,37,2.64705882352941,37,3,"N"
