"state","chsq.prob","odds","pval","cases_yearly","max_cases_monthly","cases_2years","max_gaplength","mean_gaplength","t_since_last_case","t_nocase_prior_lastcase","consecutive_cases_2yr"
"BOL.1_1",0.000215885190497422,0.828448588518397,0.0274035315157722,31.4,11,35,4,0.26530612244898,4,0,"Y"
"BOL.2_1",0.00142595001581214,2.25835525835212e-20,0.999487650286804,128.4,38,178,1,0.0333333333333333,1,0,"Y"
"BOL.3_1",8.63398241790492e-11,1.16883821702775,0.0000375680044791859,6.2,8,26,18,1.95238095238095,0,0,"Y"
"BOL.4_1",NA,NA,NA,57.4,17,76,1,0.0508474576271186,0,0,"Y"
"BOL.5_1",0.000266138834904228,1.15685323274588,0.016309244784781,23.2,8,36,4,0.409090909090909,0,1,"Y"
"BOL.6_1",NA,NA,NA,0,0,0,61,61,61,0,"N"
"BOL.7_1",0.0201149430547756,0.952543435402324,0.032158270584139,16.2,6,21,6,0.51219512195122,2,1,"Y"
"BOL.8_1",NA,NA,NA,234.4,87,215,2,0.0333333333333333,0,0,"Y"
"BOL.9_1",0.122279498777324,0.976690121010399,0.129241726083337,14.2,29,38,7,1.58333333333333,0,0,"Y"
