"state","chsq.prob","odds","pval","cases_yearly","max_cases_monthly","cases_2years","max_gaplength","mean_gaplength","t_since_last_case","t_nocase_prior_lastcase","consecutive_cases_2yr"
"BOL.1_1",9.58673887940797e-07,0.913243507445645,7.44587947223616e-05,12.8,25,33,22,1.69565217391304,22,0,"Y"
"BOL.2_1",1.84378592393841e-08,0.885960785901488,4.96913455480942e-05,49.6,98,117,11,0.878787878787879,9,0,"Y"
"BOL.3_1",1.69606188760163e-07,0.903420972090817,4.8983101827613e-05,6.4,8,5,11,2.1,10,11,"N"
"BOL.4_1",1.42897915722529e-11,0.829832301335851,9.90562727175813e-05,17.4,11,12,14,0.9375,7,14,"N"
"BOL.5_1",1.03135266660281e-07,0.897911413702366,5.48168832510587e-05,13,17,20,11,1.2962962962963,7,2,"N"
"BOL.6_1",NA,NA,NA,0,0,0,61,61,61,0,"N"
"BOL.7_1",2.57224228583652e-08,0.88971802290806,4.5068196293129e-05,6.4,6,11,22,2.64705882352941,22,0,"Y"
"BOL.8_1",3.03608360674446e-10,0.832333865906265,0.000210613484585567,53,88,121,11,0.58974358974359,6,3,"Y"
"BOL.9_1",3.15672930999433e-05,0.930551415259867,0.000321181658343351,19.4,29,4,22,1.81818181818182,22,3,"N"
