"state","chsq.prob","odds","pval","cases_yearly","max_cases_monthly","cases_2years","max_gaplength","mean_gaplength","t_since_last_case","t_nocase_prior_lastcase","consecutive_cases_2yr"
"BOL.1_1",1.9373391779709e-13,7.154045437786e-21,0.999602244622838,8.8,25,0,50,5.2,50,0,"N"
"BOL.2_1",1.20416353110997e-07,0.842738779093902,0.00110456200892615,27.2,98,0,37,5.2,37,0,"N"
"BOL.3_1",0.000665806035591743,0.896413239337287,0.0119112320845446,1.4,4,0,38,11.4,38,11,"N"
"BOL.4_1",4.44690209211451e-07,0.830946222678714,0.0025646412153498,4.4,11,0,35,6.75,35,14,"N"
"BOL.5_1",8.42691271984997e-07,0.86622364176019,0.00103525744511239,6.2,17,0,35,5.88888888888889,35,2,"N"
"BOL.6_1",NA,NA,NA,0,0,0,61,61,61,0,"N"
"BOL.7_1",9.05826550390287e-05,0.800288938131478,0.0279879815400038,2.4,6,0,50,14.5,50,0,"N"
"BOL.8_1",1.52675793119172e-08,0.840370940163083,0.000558292460020061,26.6,88,0,34,3.76923076923077,34,3,"N"
"BOL.9_1",1.22301690996807e-09,0.528681856326787,0.0285159875139589,2,4,0,50,9.33333333333333,50,3,"N"
