"state","chsq.prob","odds","pval","cases_yearly","max_cases_monthly","cases_2years","max_gaplength","mean_gaplength","t_since_last_case","t_nocase_prior_lastcase","consecutive_cases_2yr"
"BOL.1_1",0,48252412906378436608,0.999493924865166,22,7,88,22,0.631578947368421,0,0,"Y"
"BOL.2_1",6.01296790136985e-13,1.26113407372863,0.000272649552706085,81.4,38,365,22,0.771428571428571,0,0,"Y"
"BOL.3_1",0.0525321419898693,1.12426172758399,0.168096044021131,0.2,1,1,52,30,8,52,"N"
"BOL.4_1",0,44659171309018726400,0.99948491996099,45.4,17,187,21,0.51219512195122,0,0,"Y"
"BOL.5_1",3.43573502981087e-10,1.15512851896845,3.18583537791496e-05,14.6,8,69,19,1.69565217391304,0,0,"Y"
"BOL.6_1",NA,NA,NA,0,0,0,61,61,61,0,"N"
"BOL.7_1",1.34003919072256e-13,1.33049349692627,0.000872881223084754,10.4,4,42,18,1,0,0,"Y"
"BOL.8_1",2.17603712826531e-14,1.37763432242133,0.00149230263007673,159.6,87,789,19,0.878787878787879,0,0,"Y"
"BOL.9_1",0.000942841178834475,1.05539065326907,0.00245596521227467,8,7,30,21,2.1,1,4,"Y"
