"state","chsq.prob","odds","pval","cases_yearly","max_cases_monthly","cases_2years","max_gaplength","mean_gaplength","t_since_last_case","t_nocase_prior_lastcase","consecutive_cases_2yr"
"BOL.1_1",0.0000281715906852442,1.7058855258604e-20,0.999515740521545,33.4,11,68,2,0.148148148148148,2,1,"Y"
"BOL.2_1",0.0199150500500723,1.12049174714698,0.093224469050923,122.6,38,220,4,0.107142857142857,0,0,"Y"
"BOL.3_1",0.000000110513309836691,1.15018574689121,0.000344892218701964,2.8,2,13,30,4.63636363636364,1,0,"Y"
"BOL.4_1",NA,NA,NA,57,17,82,1,0.0508474576271186,0,0,"Y"
"BOL.5_1",0.00000092123818895562,1.13347517868855,0.000518125180771642,19.8,8,38,5,0.722222222222222,1,0,"Y"
"BOL.6_1",NA,NA,NA,0,0,0,61,61,61,0,"N"
"BOL.7_1",0.0201149430547756,0.952543435402324,0.0321582705841388,15.6,6,30,6,0.55,0,0,"Y"
"BOL.8_1",0.0000886839665259487,1.88195845344919,0.0985551458133207,220.6,87,443,4,0.148148148148148,0,0,"Y"
"BOL.9_1",0.0000803210346275174,0.934758125908591,0.000539836498113099,8.4,7,5,7,1.81818181818182,4,7,"N"
