"state","chsq.prob","odds","pval","cases_yearly","max_cases_monthly","cases_2years","max_gaplength","mean_gaplength","t_since_last_case","t_nocase_prior_lastcase","consecutive_cases_2yr"
"BOL.1_1",9.2148511043888e-15,1.63485709961121e+20,0.999616270210613,28,10,88,14,0.377777777777778,0,1,"Y"
"BOL.2_1",2.98435942625019e-10,1.24973320197582,0.000694648263870627,95.6,38,197,14,0.441860465116279,0,0,"Y"
"BOL.3_1",5.4957233493802e-05,1.20730965483569,0.016238076984108,1,2,5,44,11.4,0,0,"Y"
"BOL.4_1",3.99680288865056e-14,1.51180404942767e+20,0.999609326403149,49,17,153,13,0.291666666666667,1,0,"Y"
"BOL.5_1",3.19613736587954e-08,1.11931419632157,3.83716737536267e-05,16.6,8,74,11,1.21428571428571,2,1,"Y"
"BOL.6_1",NA,NA,NA,0,0,0,61,61,61,0,"N"
"BOL.7_1",0.000421134249194099,1.07111338871656,0.00221374888193325,13.6,6,40,10,0.722222222222222,3,0,"Y"
"BOL.8_1",2.21357376872788e-11,1.36959634271059,0.00232320470589907,191.2,87,897,11,0.51219512195122,0,0,"Y"
"BOL.9_1",0.617040806427249,1.00750150395202,0.617700610537691,8.2,7,9,13,1.95238095238095,4,4,"Y"
