"state","chsq.prob","odds","pval","cases_yearly","max_cases_monthly","cases_2years","max_gaplength","mean_gaplength","t_since_last_case","t_nocase_prior_lastcase","consecutive_cases_2yr"
"BOL.1_1",0,44659171309018726400,0.99948491996099,22.8,7,90,21,0.58974358974359,0,0,"Y"
"BOL.2_1",1.00652819412517e-12,1.26053507116618,0.000290298626225338,84.4,38,360,21,0.722222222222222,0,0,"Y"
"BOL.3_1",0.0685580514646922,1.1096828826823,0.175770351488183,0.2,1,1,51,30,9,51,"N"
"BOL.4_1",0,2.65477932776633e+20,0.999656608809835,46,17,186,20,0.476190476190476,0,0,"Y"
"BOL.5_1",2.92475932361924e-10,1.15544528712858,3.0265162311433e-05,15.4,8,73,18,1.58333333333333,0,0,"Y"
"BOL.6_1",NA,NA,NA,0,0,0,61,61,61,0,"N"
"BOL.7_1",2.60458321577062e-13,1.32991702088795,0.000913161210049681,11,4,44,17,0.9375,0,0,"Y"
"BOL.8_1",3.9190872769268e-14,1.37732788080845,0.00152642736707564,169.2,87,832,18,0.823529411764706,0,0,"Y"
"BOL.9_1",0.00450723101151773,1.04620958153932,0.00769454332372656,8,7,29,20,2.1,2,4,"Y"
