"state","chsq.prob","odds","pval","cases_yearly","max_cases_monthly","cases_2years","max_gaplength","mean_gaplength","t_since_last_case","t_nocase_prior_lastcase","consecutive_cases_2yr"
"BOL.1_1",1.06248343456627e-12,7.74633315931503e-21,0.999594930703604,8.4,25,0,51,5.88888888888889,51,0,"N"
"BOL.2_1",0.0000000114208501544866,0.808161278898398,0.0014316818622529,27.2,98,0,38,5.2,38,0,"N"
"BOL.3_1",0.000278040789938983,0.8832825842309,0.0105526107192221,1.4,4,0,39,11.4,39,11,"N"
"BOL.4_1",0.00000205684673837414,0.837427879061456,0.0038395811075797,3.8,11,0,36,7.85714285714286,36,14,"N"
"BOL.5_1",0.00000299895556254981,0.870853284439475,0.00157334857722996,5.6,17,0,36,6.75,36,2,"N"
"BOL.6_1",NA,NA,NA,0,0,0,61,61,61,0,"N"
"BOL.7_1",0.0000237955902778753,0.74794388776845,0.0297744934994633,2.4,6,0,51,14.5,51,0,"N"
"BOL.8_1",0.0000000491346122677427,0.843485269868296,0.000764328286946318,26.2,88,0,35,4.16666666666667,35,3,"N"
"BOL.9_1",0.00000000895301832670725,0.531620578366466,0.0314696955903266,1.8,4,0,51,11.4,51,3,"N"
