"state","chsq.prob","odds","pval","cases_yearly","max_cases_monthly","cases_2years","max_gaplength","mean_gaplength","t_since_last_case","t_nocase_prior_lastcase","consecutive_cases_2yr"
"BOL.1_1",0.0425770208327489,0.952755850049822,0.0621599920733006,22,11,26,4,0.409090909090909,0,0,"Y"
"BOL.2_1",0.0167424535339538,0.910880373407707,0.063060500133292,66.2,18,68,3,0.169811320754717,0,0,"Y"
"BOL.3_1",0.222337946756421,1.01858160948324,0.227567745122375,6.8,8,17,13,1.58333333333333,0,0,"Y"
"BOL.4_1",0.00918199943779252,0.776707084538222,0.15924929640525,35.4,10,44,2,0.169811320754717,1,0,"Y"
"BOL.5_1",0.0173838729778342,0.932738505966234,0.0425802809865328,21.8,8,31,3,0.441860465116279,1,1,"Y"
"BOL.6_1",NA,NA,NA,0,0,0,61,61,61,0,"N"
"BOL.7_1",0.00538791430062813,0.954971118934384,0.009280831039781,9.8,6,10,6,1.21428571428571,4,5,"Y"
"BOL.8_1",NA,NA,NA,163.2,77,70,1,0.0508474576271186,0,0,"Y"
"BOL.9_1",0.000268091006998539,1.06371620073158,0.00113044662536583,19.6,29,91,7,1.48,1,0,"Y"
