"state","chsq.prob","odds","pval","cases_yearly","max_cases_monthly","cases_2years","max_gaplength","mean_gaplength","t_since_last_case","t_nocase_prior_lastcase","consecutive_cases_2yr"
"BOL.1_1",0.000912242405881725,0.934825344177177,0.00392483374768799,23.8,25,51,6,0.631578947368421,6,0,"Y"
"BOL.2_1",0.00000643376614828384,0.869311791075472,0.00241378882098412,79.8,98,145,6,0.319148936170213,6,0,"Y"
"BOL.3_1",0.0889562346397714,0.974346849595813,0.096194207391721,7.4,8,7,8,1.58333333333333,6,2,"Y"
"BOL.4_1",0.0000000118108958169216,0.716337899368428,0.00715277643940748,25.4,11,29,6,0.377777777777778,6,3,"Y"
"BOL.5_1",0.0000140542918598552,0.900112125702143,0.00100020584923657,16.2,17,33,6,0.771428571428571,6,3,"Y"
"BOL.6_1",NA,NA,NA,0,0,0,61,61,61,0,"N"
"BOL.7_1",0.0343493599125174,0.9677924421457,0.0409715770103286,10.2,6,14,6,1.69565217391304,6,0,"Y"
"BOL.8_1",4.21649604120944e-10,1.00414764018543e-20,0.999570165636286,101.8,88,126,6,0.169811320754717,6,0,"Y"
"BOL.9_1",0.126012842929034,1.02361894140101,0.132924731670188,19.8,29,57,7,1.58333333333333,6,3,"Y"
