"state","chsq.prob","odds","pval","cases_yearly","max_cases_monthly","cases_2years","max_gaplength","mean_gaplength","t_since_last_case","t_nocase_prior_lastcase","consecutive_cases_2yr"
"BOL.1_1",0.00884451602035496,0.935562044846175,0.0235538941736703,23.2,11,23,4,0.409090909090909,0,0,"Y"
"BOL.2_1",0.00374693608861554,0.874508734781038,0.0492960588236151,66,18,62,3,0.169811320754717,1,2,"Y"
"BOL.3_1",0.432819033068788,1.01182469182393,0.43495020890838,6.4,8,17,13,1.81818181818182,5,8,"Y"
"BOL.4_1",0.0908487404651263,0.826010350405721,0.318469392866686,40.8,17,48,2,0.148148148148148,0,0,"Y"
"BOL.5_1",0.0300242493566999,0.933435406900171,0.0640872606469206,23.6,8,35,3,0.377777777777778,0,0,"Y"
"BOL.6_1",NA,NA,NA,0,0,0,61,61,61,0,"N"
"BOL.7_1",0.0161153199513782,0.960077279840292,0.0227005435317503,11.4,6,12,6,1,1,5,"Y"
"BOL.8_1",NA,NA,NA,203.4,87,99,1,0.0508474576271186,0,0,"Y"
"BOL.9_1",1.40383797014865e-05,1.07980983003141,0.000223196525588786,19,29,89,7,1.69565217391304,1,1,"Y"
