"state","chsq.prob","odds","pval","cases_yearly","max_cases_monthly","cases_2years","max_gaplength","mean_gaplength","t_since_last_case","t_nocase_prior_lastcase","consecutive_cases_2yr"
"BOL.1_1",3.88123200245616e-10,0.816666486408103,0.000428565006107045,10.2,25,0,41,3.13333333333333,41,0,"N"
"BOL.2_1",0.0000000129447094154855,0.872138298408285,0.000106867867739786,29.8,98,0,28,2.875,28,0,"N"
"BOL.3_1",0.0115190338749999,0.942204390261782,0.0248705819314439,1.6,4,0,29,9.33333333333333,29,11,"N"
"BOL.4_1",3.6593528207618e-10,0.834346287540315,0.000203571410855388,6,11,0,26,3.76923076923077,26,14,"N"
"BOL.5_1",0.00000534323902046108,0.907849017158439,0.000350589651078996,7.2,17,0,26,4.16666666666667,26,2,"N"
"BOL.6_1",NA,NA,NA,0,0,0,61,61,61,0,"N"
"BOL.7_1",0.0000199970521468362,0.87204815558882,0.00382239901051593,2.8,6,0,41,9.33333333333333,41,0,"N"
"BOL.8_1",1.17978959934817e-11,0.827899425772897,0.000104134757541255,30.8,88,0,25,1.95238095238095,25,3,"N"
"BOL.9_1",4.88498130835069e-15,0.524871938904915,0.0239014011478005,11.4,11,0,41,3.42857142857143,41,3,"N"
