"state","chsq.prob","odds","pval","cases_yearly","max_cases_monthly","cases_2years","max_gaplength","mean_gaplength","t_since_last_case","t_nocase_prior_lastcase","consecutive_cases_2yr"
"BOL.1_1",0.000000059133303254022,80429378245694996480,0.999548752899471,33,11,79,6,0.169811320754717,0,0,"Y"
"BOL.2_1",0.0000274953353445184,1.18811261768346,0.00971004344850116,112.4,38,200,6,0.215686274509804,0,0,"Y"
"BOL.3_1",0.000138619061314071,1.11571876346777,0.00471900773289604,1.4,2,7,36,7.85714285714286,3,0,"Y"
"BOL.4_1",0.0000010567718176091,70185232837350105088,0.999534662947281,53.6,17,102,5,0.127272727272727,0,0,"Y"
"BOL.5_1",0.00000151650571422746,1.10821281260551,0.000217031351846957,18.4,8,64,7,0.878787878787879,1,1,"Y"
"BOL.6_1",NA,NA,NA,0,0,0,61,61,61,0,"N"
"BOL.7_1",0.186392426382838,0.975860861285737,0.196027159022439,14.2,6,28,6,0.675675675675676,4,6,"Y"
"BOL.8_1",0.0000087544707582099,1.29152706502249,0.0176400228087253,214,87,672,4,0.26530612244898,0,0,"Y"
"BOL.9_1",0.0102206604360169,0.960253983630376,0.0147812187618826,8.4,7,5,6,1.81818181818182,6,5,"N"
