"state","chsq.prob","odds","pval","cases_yearly","max_cases_monthly","cases_2years","max_gaplength","mean_gaplength","t_since_last_case","t_nocase_prior_lastcase","consecutive_cases_2yr"
"BOL.1_1",0.00437738140833488,0.900172256086871,0.033431676897879,30.2,11,23,4,0.26530612244898,0,0,"Y"
"BOL.2_1",0.0699680095874816,0.789323483539321,0.318510017428734,112.8,38,141,2,0.0508474576271186,0,0,"Y"
"BOL.3_1",0.000015212087564942,1.07934409818171,0.000231639922064276,6.2,8,24,14,1.95238095238095,4,0,"Y"
"BOL.4_1",NA,NA,NA,54.2,17,65,1,0.0689655172413793,1,0,"Y"
"BOL.5_1",0.11131799904514,1.04773383362103,0.142120679324539,23.4,8,32,5,0.347826086956522,1,0,"Y"
"BOL.6_1",NA,NA,NA,0,0,0,61,61,61,0,"N"
"BOL.7_1",0.0181936270199829,0.955086614078741,0.0279632036212828,14.8,6,19,6,0.631578947368421,0,5,"Y"
"BOL.8_1",NA,NA,NA,233.2,87,153,1,0.0333333333333333,0,0,"Y"
"BOL.9_1",0.934316652401184,1.00123575881335,0.934319667131074,17.8,29,61,7,1.58333333333333,0,0,"Y"
