"state","chsq.prob","odds","pval","cases_yearly","max_cases_monthly","cases_2years","max_gaplength","mean_gaplength","t_since_last_case","t_nocase_prior_lastcase","consecutive_cases_2yr"
"BOL.1_1",0.00000123309356925283,0.913829506114307,0.0000852242853801643,13.8,25,38,19,1.38461538461538,19,0,"Y"
"BOL.2_1",0.0000000901017078724919,0.889311340897728,0.0000945636579903898,56.4,98,132,11,0.722222222222222,6,0,"Y"
"BOL.3_1",0.000161019151718844,0.938231552688751,0.000804287604925526,6.4,8,7,11,2.1,7,11,"Y"
"BOL.4_1",8.07491851162467e-11,0.832027694485594,0.000143828618672541,18.6,11,17,14,0.771428571428571,4,14,"Y"
"BOL.5_1",0.00000039587426636789,0.900939452784927,0.000101659125689491,13.2,17,21,11,1.21428571428571,4,2,"N"
"BOL.6_1",NA,NA,NA,0,0,0,61,61,61,0,"N"
"BOL.7_1",0.00000332671533753714,0.917734526386357,0.000131754672205696,6.4,6,11,19,2.64705882352941,19,0,"Y"
"BOL.8_1",0.00000000511938846869953,0.83778088236377,0.000420237875600526,59.8,88,126,11,0.476190476190476,3,3,"Y"
"BOL.9_1",0.00634786070627458,0.957735692115696,0.010049647240398,19.4,29,7,19,1.81818181818182,19,3,"Y"
