"state","chsq.prob","odds","pval","cases_yearly","max_cases_monthly","cases_2years","max_gaplength","mean_gaplength","t_since_last_case","t_nocase_prior_lastcase","consecutive_cases_2yr"
"BOL.1_1",1.23309356925283e-06,0.913829506114307,8.52242853801644e-05,12.4,25,0,25,1.81818181818182,25,0,"N"
"BOL.2_1",6.60157517540227e-09,0.884021606549168,3.30542523704493e-05,42.6,98,4,12,1.06666666666667,12,0,"Y"
"BOL.3_1",3.73194558811463e-07,0.905154984098574,7.18866846059278e-05,5.8,8,1,13,2.44444444444444,13,11,"N"
"BOL.4_1",4.71500616328058e-12,0.828656261139819,7.91709643030065e-05,16,11,1,14,1.13793103448276,10,14,"N"
"BOL.5_1",4.58878012254971e-08,0.89624301230199,3.80304548868984e-05,12.2,17,3,11,1.48,10,2,"N"
"BOL.6_1",NA,NA,NA,0,0,0,61,61,61,0,"N"
"BOL.7_1",3.11897652149895e-09,0.871697790495926,5.61250447823969e-05,6.2,6,0,25,2.875,25,0,"N"
"BOL.8_1",3.49329454252256e-11,0.829192966426263,0.000130371961349903,48.6,88,28,11,0.722222222222222,9,3,"N"
"BOL.9_1",4.35638815221573e-06,0.920237429104797,0.000135074409919912,19.2,29,0,25,1.95238095238095,25,3,"N"
