"state","chsq.prob","odds","pval","cases_yearly","max_cases_monthly","cases_2years","max_gaplength","mean_gaplength","t_since_last_case","t_nocase_prior_lastcase","consecutive_cases_2yr"
"BOL.1_1",0.00238854908135444,0.921148820600136,0.0130779542424227,24.4,11,19,4,0.409090909090909,1,0,"Y"
"BOL.2_1",0.000955594942118276,0.831248519054149,0.0475273878786836,67.8,18,63,3,0.148148148148148,2,0,"Y"
"BOL.3_1",0.0969379912901879,1.02561113187684,0.104088396766068,6.4,8,18,13,1.81818181818182,3,8,"Y"
"BOL.4_1",0.050519855666546,0.733091351993047,0.31909947652246,45.2,17,51,2,0.148148148148148,1,2,"Y"
"BOL.5_1",0.0125243139408813,0.919001224546191,0.0443950358951144,23.6,8,31,3,0.377777777777778,0,0,"Y"
"BOL.6_1",NA,NA,NA,0,0,0,61,61,61,0,"N"
"BOL.7_1",0.0105151025887011,0.956552386830592,0.0164723631515832,12,6,15,6,0.9375,5,2,"Y"
"BOL.8_1",NA,NA,NA,217.6,87,105,1,0.0508474576271186,0,0,"Y"
"BOL.9_1",0.000619798207802003,1.05813245093998,0.00187194446338355,19.4,29,87,7,1.58333333333333,1,0,"Y"
