"state","chsq.prob","odds","pval","cases_yearly","max_cases_monthly","cases_2years","max_gaplength","mean_gaplength","t_since_last_case","t_nocase_prior_lastcase","consecutive_cases_2yr"
"BOL.1_1",0.00000107222614020852,0.913502625166296,0.0000790621198177665,13.4,25,37,20,1.48,20,0,"Y"
"BOL.2_1",0.000000049907940891103,0.888010637759219,0.0000742684175349626,54.6,98,126,11,0.771428571428571,7,0,"Y"
"BOL.3_1",0.0000225847632159271,0.928453263721635,0.000279482289137198,6.4,8,7,11,2.1,8,11,"Y"
"BOL.4_1",4.22510915143448e-11,0.831152247709392,0.000124701927358098,18,11,15,14,0.823529411764706,5,14,"N"
"BOL.5_1",0.000000238362322768637,0.899757924770275,0.0000804058879520652,13.2,17,21,11,1.21428571428571,5,2,"N"
"BOL.6_1",NA,NA,NA,0,0,0,61,61,61,0,"N"
"BOL.7_1",0.00000030032119135992,0.905001688735769,0.0000630125190755612,6.4,6,11,20,2.64705882352941,20,0,"Y"
"BOL.8_1",0.00000000185198867352909,0.835625047400373,0.000325412562261281,55.4,88,123,11,0.51219512195122,4,3,"Y"
"BOL.9_1",0.00140652804283725,0.949593261471149,0.00324863378447395,19.4,29,6,20,1.81818181818182,20,3,"N"
