"state","chsq.prob","odds","pval","cases_yearly","max_cases_monthly","cases_2years","max_gaplength","mean_gaplength","t_since_last_case","t_nocase_prior_lastcase","consecutive_cases_2yr"
"BOL.1_1",0.0000281715906852442,58620580625020346368,0.999515740520561,0.2,1,1,60,30,0,60,"N"
"BOL.2_1",0.0000281715906852442,58620580625020346368,0.999515740520561,0.2,1,1,60,30,0,60,"N"
"BOL.3_1",NA,NA,NA,0,0,0,61,61,61,0,"N"
"BOL.4_1",0.0000010567718176091,70185215688105345024,0.99953466291822,0.8,2,4,59,19.6666666666667,0,0,"Y"
"BOL.5_1",0.00678975925756609,1.33601148088819,0.159820903773318,0.2,1,1,57,30,3,57,"N"
"BOL.6_1",NA,NA,NA,0,0,0,61,61,61,0,"N"
"BOL.7_1",0.000414158863072833,1.46008333714431,0.0890450548156953,0.2,1,1,56,30,4,56,"N"
"BOL.8_1",0.000162211406163126,1.67351821883064,0.0935968766577642,0.2,1,1,57,30,3,57,"N"
"BOL.9_1",0.000995468596004079,2.0436974359887,0.169515428361077,0.2,1,1,59,30,1,59,"N"
