"state","chsq.prob","odds","pval","cases_yearly","max_cases_monthly","cases_2years","max_gaplength","mean_gaplength","t_since_last_case","t_nocase_prior_lastcase","consecutive_cases_2yr"
"BOL.1_1",3.99680288865056e-14,1.51180451303198e+20,0.999609326433417,3,3,15,51,5.88888888888889,0,0,"Y"
"BOL.2_1",7.1883743402168e-10,1.48342223827453,0.00781498228851643,3.8,7,19,51,5.88888888888889,1,0,"Y"
"BOL.3_1",NA,NA,NA,0,0,0,61,61,61,0,"N"
"BOL.4_1",9.2148511043888e-15,1.63485705691523e+20,0.999616270207132,5.6,5,28,50,4.16666666666667,0,0,"Y"
"BOL.5_1",0.000381819692242602,1.18370210087263,0.0273125431347002,0.6,2,3,48,19.6666666666667,4,7,"N"
"BOL.6_1",NA,NA,NA,0,0,0,61,61,61,0,"N"
"BOL.7_1",1.87771146409332e-08,1.29999176599224,0.00371537230731468,1.2,1,6,47,7.85714285714286,1,1,"Y"
"BOL.8_1",3.10428615035718e-08,1.34161719462167,0.00597261872662398,1.2,2,6,48,9.33333333333333,0,0,"Y"
"BOL.9_1",1.65235284343979e-08,1.37576929443454,0.00669078739847082,1.4,3,7,50,11.4,1,3,"N"
