"state","chsq.prob","odds","pval","cases_yearly","max_cases_monthly","cases_2years","max_gaplength","mean_gaplength","t_since_last_case","t_nocase_prior_lastcase","consecutive_cases_2yr"
"BOL.1_1",9.2148511043888e-15,163485705691523448832,0.999616270207132,3.4,3,17,50,5.2,0,0,"Y"
"BOL.2_1",0.0000000187771146409332,1.29999176599224,0.00371537230731475,3.8,7,19,50,5.88888888888889,2,0,"Y"
"BOL.3_1",NA,NA,NA,0,0,0,61,61,61,0,"N"
"BOL.4_1",2.33146835171283e-15,176890332679184875520,0.999623138151892,6.4,5,32,49,3.76923076923077,0,0,"Y"
"BOL.5_1",0.000054957233493802,1.20730965483569,0.0162380769841081,0.8,2,4,47,14.5,0,4,"N"
"BOL.6_1",NA,NA,NA,0,0,0,61,61,61,0,"N"
"BOL.7_1",0.0000000040668979295333,1.30731332373583,0.00285222867618518,1.2,1,6,46,7.85714285714286,2,1,"Y"
"BOL.8_1",0.00000000591916993197827,1.35077249421415,0.00459656473533633,1.2,2,6,47,9.33333333333333,1,0,"Y"
"BOL.9_1",0.00000000311326564528258,1.38461623560812,0.0052885903886584,1.6,3,8,49,9.33333333333333,0,1,"N"
