"state","chsq.prob","odds","pval","cases_yearly","max_cases_monthly","cases_2years","max_gaplength","mean_gaplength","t_since_last_case","t_nocase_prior_lastcase","consecutive_cases_2yr"
"BOL.1_1",0.000196774520444976,0.928737621651117,0.00151352448840439,22,25,48,8,0.722222222222222,8,0,"Y"
"BOL.2_1",4.56734222886723e-07,0.859236609799958,0.00103977693801325,75,98,139,8,0.377777777777778,8,0,"Y"
"BOL.3_1",0.00704640243335453,0.958244797998172,0.0109363086859106,7.4,8,7,8,1.58333333333333,8,2,"Y"
"BOL.4_1",4.64115412768251e-10,0.708756290457057,0.00479159274899013,23.8,11,27,8,0.441860465116279,8,3,"Y"
"BOL.5_1",1.92742810511959e-06,0.893535584495253,0.000427036127966079,15.2,17,31,8,0.878787878787879,8,3,"Y"
"BOL.6_1",NA,NA,NA,0,0,0,61,61,61,0,"N"
"BOL.7_1",0.0322047454062149,0.967454459674869,0.0386892395348276,8.4,6,14,8,1.95238095238095,8,0,"Y"
"BOL.8_1",6.6738836679292e-12,8.40788101595121e-21,0.999587259447348,87.4,88,120,8,0.215686274509804,8,0,"Y"
"BOL.9_1",0.594500982106585,1.00802577746362,0.595295378710524,19.8,29,46,8,1.58333333333333,8,3,"Y"
