"state","chsq.prob","odds","pval","cases_yearly","max_cases_monthly","cases_2years","max_gaplength","mean_gaplength","t_since_last_case","t_nocase_prior_lastcase","consecutive_cases_2yr"
"BOL.1_1",0.00000000177757386587984,0.850218973985415,0.000161241991965903,10.4,25,0,38,2.875,38,0,"N"
"BOL.2_1",0.000000049907940891103,0.888010637759219,0.0000742684175349633,30,98,0,25,2.64705882352941,25,0,"N"
"BOL.3_1",0.00298496921957769,0.936254397812752,0.00970120238675936,2,4,0,26,6.75,26,11,"N"
"BOL.4_1",4.22510915143448e-11,0.831152247709392,0.000124701927358099,7,11,1,23,2.875,23,14,"N"
"BOL.5_1",0.000000696901426788799,0.902316207085625,0.000132356892754317,7.6,17,2,23,3.42857142857143,23,2,"N"
"BOL.6_1",NA,NA,NA,0,0,0,61,61,61,0,"N"
"BOL.7_1",0.000506496274646717,0.910660132543554,0.0063472028932901,2.8,6,0,38,9.33333333333333,38,0,"N"
"BOL.8_1",3.88789000993484e-12,0.826749880094181,0.0000837167808403581,31.4,88,23,22,1.69565217391304,22,3,"N"
"BOL.9_1",4.44089209850063e-16,0.524854363626546,0.0238757443377096,12.8,11,0,38,2.64705882352941,38,3,"N"
