"state","chsq.prob","odds","pval","cases_yearly","max_cases_monthly","cases_2years","max_gaplength","mean_gaplength","t_since_last_case","t_nocase_prior_lastcase","consecutive_cases_2yr"
"BOL.1_1",0.0000968957973312978,0.926227789783148,0.000990686236944363,21.4,25,46,9,0.771428571428571,9,0,"Y"
"BOL.2_1",0.000000134898184178667,0.855381579337834,0.000716602220708545,73.2,98,137,9,0.409090909090909,9,0,"Y"
"BOL.3_1",0.00133898800542909,0.94923396036892,0.00314901945221249,7.4,8,7,9,1.58333333333333,9,2,"Y"
"BOL.4_1",1.08395514786253e-10,0.706458182880297,0.00413979446761695,23.6,11,27,9,0.476190476190476,9,3,"Y"
"BOL.5_1",0.000000777102384330597,0.890887523488042,0.000293090444020126,15,17,31,9,0.9375,9,3,"Y"
"BOL.6_1",NA,NA,NA,0,0,0,61,61,61,0,"N"
"BOL.7_1",0.0327291427489741,0.967538738191356,0.0392483713684561,8,6,13,9,2.1,9,0,"Y"
"BOL.8_1",1.06248343456627e-12,7.74633359832372e-21,0.999594930697948,84.6,88,118,9,0.24,9,0,"Y"
"BOL.9_1",0.621728294349803,1.00741354831162,0.622364873181201,19.8,29,36,9,1.58333333333333,9,3,"Y"
