"state","chsq.prob","odds","pval","cases_yearly","max_cases_monthly","cases_2years","max_gaplength","mean_gaplength","t_since_last_case","t_nocase_prior_lastcase","consecutive_cases_2yr"
"BOL.1_1",0.000000985890528659716,0.913308088866723,0.0000755835295614382,12.8,25,31,23,1.69565217391304,23,0,"Y"
"BOL.2_1",0.0000000123020299502841,0.885176341424306,0.000042283781191637,46.4,98,110,11,0.9375,10,0,"Y"
"BOL.3_1",0.000000208140536472889,0.903860571435545,0.0000540883287595313,6.4,8,5,11,2.1,11,11,"N"
"BOL.4_1",9.22228959865379e-12,0.829347675519005,0.0000905399905009305,17,11,12,14,1,8,14,"N"
"BOL.5_1",0.0000000741662544712085,0.897218724057786,0.0000472094364823945,12.8,17,20,11,1.38461538461538,8,2,"N"
"BOL.6_1",NA,NA,NA,0,0,0,61,61,61,0,"N"
"BOL.7_1",0.0000000383585487817584,0.890523719219701,0.000053271741406047,6.2,6,11,23,2.875,23,0,"Y"
"BOL.8_1",1.37353128870643e-10,0.831088378745198,0.000175781576656397,52,88,120,11,0.631578947368421,7,3,"Y"
"BOL.9_1",0.0000340448260487403,0.930762123634451,0.000336934525129211,19.4,29,4,23,1.81818181818182,23,3,"N"
