"state","chsq.prob","odds","pval","cases_yearly","max_cases_monthly","cases_2years","max_gaplength","mean_gaplength","t_since_last_case","t_nocase_prior_lastcase","consecutive_cases_2yr"
"BOL.1_1",4.87269113946809e-11,109148798894256128000,0.999579072831119,1.2,2,6,55,11.4,0,1,"Y"
"BOL.2_1",4.87269113946809e-11,109148798894256128000,0.999579072831119,1.6,3,8,55,9.33333333333333,0,1,"Y"
"BOL.3_1",NA,NA,NA,0,0,0,61,61,61,0,"N"
"BOL.4_1",6.6738836679292e-12,118936027622706184192,0.999587259444618,3.4,4,17,54,6.75,0,0,"Y"
"BOL.5_1",0.000236140918097427,1.29433536077601,0.0488295224619721,0.6,2,3,52,19.6666666666667,0,7,"N"
"BOL.6_1",NA,NA,NA,0,0,0,61,61,61,0,"N"
"BOL.7_1",0.00000016731905194689,1.4486829639756,0.0150160886510628,0.8,1,4,51,11.4,0,0,"Y"
"BOL.8_1",0.0000711626374135799,1.26310812015294,0.0282260540043188,0.4,1,2,52,19.6666666666667,4,3,"N"
"BOL.9_1",0.000000609121648786903,1.50710692296997,0.0232634109883533,0.8,2,4,54,14.5,1,1,"N"
