"state","chsq.prob","odds","pval","cases_yearly","max_cases_monthly","cases_2years","max_gaplength","mean_gaplength","t_since_last_case","t_nocase_prior_lastcase","consecutive_cases_2yr"
"BOL.1_1",0,5.5815588342133e+19,0.99951044651944,9.6,6,48,40,2.1,0,0,"Y"
"BOL.2_1",7.29671878474392e-12,1.25771366196522,0.000378986358843751,50,38,250,40,2.64705882352941,0,0,"Y"
"BOL.3_1",NA,NA,NA,0,0,0,61,61,61,0,"N"
"BOL.4_1",0,59625159152809943040,0.999517760573227,16.2,12,81,39,1.69565217391304,0,0,"Y"
"BOL.5_1",0.000372786104316014,1.10209500928398,0.00584202067540365,1.2,2,6,37,11.4,4,5,"N"
"BOL.6_1",NA,NA,NA,0,0,0,61,61,61,0,"N"
"BOL.7_1",1.34003919072256e-13,1.33049349692627,0.000872881223084754,5.2,4,26,36,2.875,0,0,"Y"
"BOL.8_1",7.63833440942108e-14,1.3769205920035,0.00157056928173638,9.4,9,47,37,3.13333333333333,0,0,"Y"
"BOL.9_1",1.64812608005604e-12,1.29499880831976,0.000629973673162339,5,7,25,39,3.42857142857143,0,0,"Y"
