"state","chsq.prob","odds","pval","cases_yearly","max_cases_monthly","cases_2years","max_gaplength","mean_gaplength","t_since_last_case","t_nocase_prior_lastcase","consecutive_cases_2yr"
"BOL.1_1",0,75481140832836141056,0.99954300814438,17.2,7,82,31,1.13793103448276,0,0,"Y"
"BOL.2_1",1.30229160788531e-13,1.26262591240419,0.000229978683132879,72.4,38,356,31,1.38461538461538,0,0,"Y"
"BOL.3_1",NA,NA,NA,0,0,0,61,61,61,0,"N"
"BOL.4_1",0,74287724759706779648,0.999541343899652,33.2,17,152,30,0.9375,0,0,"Y"
"BOL.5_1",0.0000000273735201172798,1.14448432467776,0.000138736502764836,5.6,6,27,28,3.42857142857143,0,0,"Y"
"BOL.6_1",NA,NA,NA,0,0,0,61,61,61,0,"N"
"BOL.7_1",8.32667268468867e-15,1.33213008529463,0.000753260026639665,8.6,4,40,27,1.58333333333333,0,0,"Y"
"BOL.8_1",2.55351295663786e-15,1.37838675482859,0.00140042862335859,79.6,87,396,28,1.58333333333333,0,0,"Y"
"BOL.9_1",0.0000000206933784552277,1.12387380180691,0.0000396331121718412,7.4,7,33,30,2.44444444444444,3,0,"Y"
