"state","chsq.prob","odds","pval","cases_yearly","max_cases_monthly","cases_2years","max_gaplength","mean_gaplength","t_since_last_case","t_nocase_prior_lastcase","consecutive_cases_2yr"
"BOL.1_1",0.0047373670844657,0.928751547423543,0.0173658957066823,24,11,21,4,0.409090909090909,0,1,"Y"
"BOL.2_1",0.00199191385814057,0.855967852961384,0.0478631225935189,66.8,18,64,3,0.148148148148148,0,2,"Y"
"BOL.3_1",0.222337946756416,1.01858160948324,0.227567745122375,6.4,8,18,13,1.81818181818182,4,8,"Y"
"BOL.4_1",0.0699680095874816,0.789323483539321,0.318510017428734,43.8,17,48,2,0.148148148148148,0,1,"Y"
"BOL.5_1",0.019763786073084,0.926629036660669,0.0529302385459127,23.8,8,33,3,0.377777777777778,0,0,"Y"
"BOL.6_1",NA,NA,NA,0,0,0,61,61,61,0,"N"
"BOL.7_1",0.0245525062718306,0.962292960563617,0.0323403649408986,12,6,13,6,0.9375,0,5,"Y"
"BOL.8_1",NA,NA,NA,208.4,87,103,1,0.0508474576271186,0,0,"Y"
"BOL.9_1",0.000106545724375295,1.06818597400126,0.000633083571565943,19.2,29,89,7,1.58333333333333,0,1,"Y"
