"state","chsq.prob","odds","pval","cases_yearly","max_cases_monthly","cases_2years","max_gaplength","mean_gaplength","t_since_last_case","t_nocase_prior_lastcase","consecutive_cases_2yr"
"BOL.1_1",0,2.65478010446893e+20,0.999656608833532,6.4,5,32,44,2.875,0,0,"Y"
"BOL.2_1",2.98435942625019e-10,1.24973320197582,0.000694648263870635,21,26,105,44,3.76923076923077,0,0,"Y"
"BOL.3_1",NA,NA,NA,0,0,0,61,61,61,0,"N"
"BOL.4_1",0,44659171463224131584,0.999484919961204,11.2,8,56,43,2.26315789473684,0,0,"Y"
"BOL.5_1",8.84774594844817e-05,1.13652101281253,0.00635112070899611,1.2,2,6,41,11.4,0,5,"N"
"BOL.6_1",NA,NA,NA,0,0,0,61,61,61,0,"N"
"BOL.7_1",3.03634895004734e-12,1.32698650285816,0.00111748347528538,3.2,3,16,40,4.16666666666667,0,0,"Y"
"BOL.8_1",2.3910873281352e-12,1.37346121384304,0.00192622818625127,4.6,5,23,41,4.63636363636364,0,0,"Y"
"BOL.9_1",6.95269397610332e-11,1.28818211447526,0.00100171686079467,2.8,3,14,43,5.2,0,0,"Y"
