"state","chsq.prob","odds","pval","cases_yearly","max_cases_monthly","cases_2years","max_gaplength","mean_gaplength","t_since_last_case","t_nocase_prior_lastcase","consecutive_cases_2yr"
"BOL.1_1",0,48252408106495844352,0.999493924853814,7.6,5,38,42,2.44444444444444,0,0,"Y"
"BOL.2_1",3.98356903019703e-11,1.25454957390344,0.000491591516198548,36,38,180,42,3.13333333333333,0,0,"Y"
"BOL.3_1",NA,NA,NA,0,0,0,61,61,61,0,"N"
"BOL.4_1",0,51994460013277642752,0.999502467883016,12.6,8,63,41,1.95238095238095,0,0,"Y"
"BOL.5_1",0.000605840331233676,1.1047876406705,0.00859856436948854,1.2,2,6,39,11.4,2,5,"N"
"BOL.6_1",NA,NA,NA,0,0,0,61,61,61,0,"N"
"BOL.7_1",5.46229728115577e-13,1.32917399996001,0.000964753788258782,3.8,3,19,38,3.42857142857143,0,0,"Y"
"BOL.8_1",3.63820085169664e-13,1.37566442437575,0.00170193251699778,6.4,6,32,39,3.76923076923077,0,0,"Y"
"BOL.9_1",9.10582720337061e-12,1.29236723272348,0.000765158915917551,3.4,3,17,41,4.16666666666667,0,0,"Y"
