"state","chsq.prob","odds","pval","cases_yearly","max_cases_monthly","cases_2years","max_gaplength","mean_gaplength","t_since_last_case","t_nocase_prior_lastcase","consecutive_cases_2yr"
"BOL.1_1",6.6738836679292e-12,118936031062821945344,0.999587259447123,29.8,10,80,10,0.26530612244898,0,0,"Y"
"BOL.2_1",0.000000045724442010453,1.23117670484324,0.00194448820437001,102.2,38,167,10,0.319148936170213,0,0,"Y"
"BOL.3_1",0.000014487425711085,1.17440328539993,0.00595020268327394,1.2,2,6,40,9.33333333333333,0,3,"Y"
"BOL.4_1",4.87269113946809e-11,109148795786163437568,0.999579072829599,51.4,17,139,9,0.215686274509804,0,1,"Y"
"BOL.5_1",0.000000136730244348904,1.11551913654444,0.0000727304230970105,18,8,76,7,1,1,0,"Y"
"BOL.6_1",NA,NA,NA,0,0,0,61,61,61,0,"N"
"BOL.7_1",0.145071630104977,1.02667997859504,0.155192240276663,14.2,6,39,6,0.675675675675676,0,6,"Y"
"BOL.8_1",0.00000000591916993197827,1.35077249421415,0.00459656473533621,204.4,87,857,7,0.377777777777778,0,0,"Y"
"BOL.9_1",0.584143454291075,0.991813421246891,0.585000085176732,8.4,7,6,9,1.81818181818182,2,5,"N"
