"state","chsq.prob","odds","pval","cases_yearly","max_cases_monthly","cases_2years","max_gaplength","mean_gaplength","t_since_last_case","t_nocase_prior_lastcase","consecutive_cases_2yr"
"BOL.1_1",0.0000000143422872467269,0.884362024797834,0.0000488252407170629,12,25,0,31,2.1,31,0,"N"
"BOL.2_1",0.00000000454463400245686,0.883358143740784,0.0000285493698636087,37.2,98,4,18,1.58333333333333,18,0,"Y"
"BOL.3_1",0.00000840693348014288,0.913212565928656,0.000344690055712202,4.6,8,1,19,3.42857142857143,19,11,"N"
"BOL.4_1",3.15780734894133e-12,0.828271388510707,0.0000732224127071675,11.8,11,1,16,1.69565217391304,16,14,"N"
"BOL.5_1",0.0000000458878012254971,0.89624301230199,0.0000380304548868984,10.6,17,3,16,2.1,16,2,"N"
"BOL.6_1",NA,NA,NA,0,0,0,61,61,61,0,"N"
"BOL.7_1",0.000000221936051092442,0.881099924155895,0.000259578579251339,4.4,6,0,31,4.63636363636364,31,0,"N"
"BOL.8_1",3.07598391202646e-12,0.826528226407818,0.0000800706240996,39.8,88,28,15,1.06666666666667,15,3,"N"
"BOL.9_1",1.61506363838271e-11,0.837772670955307,0.0000661191072386393,19,29,0,31,2.1,31,3,"N"
