"state","chsq.prob","odds","pval","cases_yearly","max_cases_monthly","cases_2years","max_gaplength","mean_gaplength","t_since_last_case","t_nocase_prior_lastcase","consecutive_cases_2yr"
"BOL.1_1",0,63313305963250212864,0.999524315063721,19.8,7,84,26,0.823529411764706,0,0,"Y"
"BOL.2_1",1.54209978120434e-13,1.26248107460891,0.000234062996262835,78.4,38,373,26,1,0,0,"Y"
"BOL.3_1",0.0119963401792402,1.25122990443486,0.158948600718813,0.2,1,1,56,30,4,56,"N"
"BOL.4_1",0,59625167084683083776,0.999517760588303,40,17,172,25,0.675675675675676,0,0,"Y"
"BOL.5_1",0.000000001250168413236,1.15240869812622,0.0000485293771467486,11.4,8,54,23,2.26315789473684,0,0,"Y"
"BOL.6_1",NA,NA,NA,0,0,0,61,61,61,0,"N"
"BOL.7_1",1.94289029309402e-14,1.33174768543448,0.000782575022094696,9.6,4,42,22,1.2962962962963,1,0,"Y"
"BOL.8_1",4.21884749357559e-15,1.37825443433047,0.00141700937580596,126.8,87,628,23,1.13793103448276,0,0,"Y"
"BOL.9_1",0.0000263762015252356,1.07616662450467,0.000301553289373766,7.6,7,31,25,2.26315789473684,2,5,"Y"
