"state","chsq.prob","odds","pval","cases_yearly","max_cases_monthly","cases_2years","max_gaplength","mean_gaplength","t_since_last_case","t_nocase_prior_lastcase","consecutive_cases_2yr"
"BOL.1_1",3.89895967733977e-08,0.886393855589931,7.2612909023818e-05,11.6,25,0,33,2.44444444444444,33,0,"N"
"BOL.2_1",6.60157517540227e-09,0.884021606549168,3.30542523704496e-05,36.4,98,4,20,1.81818181818182,20,0,"Y"
"BOL.3_1",3.64350100320321e-05,0.917809687654805,0.000748019525759051,4.2,8,1,21,4.16666666666667,21,11,"N"
"BOL.4_1",4.71500616328058e-12,0.828656261139819,7.91709643030065e-05,10.8,11,1,18,1.95238095238095,18,14,"N"
"BOL.5_1",7.41662544712085e-08,0.897218724057786,4.72094364823947e-05,10,17,3,18,2.44444444444444,18,2,"N"
"BOL.6_1",NA,NA,NA,0,0,0,61,61,61,0,"N"
"BOL.7_1",1.5346292391305e-06,0.886682347138596,0.000543213178379572,3.8,6,0,33,5.88888888888889,33,0,"N"
"BOL.8_1",2.35489405753242e-12,0.826283912765868,7.61552266915641e-05,37.2,88,28,17,1.21428571428571,17,3,"N"
"BOL.9_1",1.11688436277291e-13,0.774582650040783,0.000430141205268918,19,29,0,33,2.1,33,3,"N"
