"state","chsq.prob","odds","pval","cases_yearly","max_cases_monthly","cases_2years","max_gaplength","mean_gaplength","t_since_last_case","t_nocase_prior_lastcase","consecutive_cases_2yr"
"BOL.1_1",5.9133303254022e-08,1.24332677391959e-20,0.999548752900222,7,25,0,56,11.4,56,0,"N"
"BOL.2_1",2.74953353445184e-05,0.841671054676421,0.0097100434485011,24.4,98,0,43,7.85714285714286,43,0,"N"
"BOL.3_1",0.000381819692242602,0.844807151446969,0.0273125431347003,1.2,4,0,44,14.5,44,11,"N"
"BOL.4_1",0.0107112412073872,0.900926923771864,0.0567007548859747,2.4,11,0,41,19.6666666666667,41,14,"N"
"BOL.5_1",0.00373709880580497,0.910609768292602,0.0237370303360597,4,17,0,41,14.5,41,2,"N"
"BOL.6_1",NA,NA,NA,0,0,0,61,61,61,0,"N"
"BOL.7_1",8.86839665259487e-05,0.531361358252747,0.0985551458133219,2.2,6,0,56,19.6666666666667,56,0,"N"
"BOL.8_1",5.05212702270885e-05,0.871651061634955,0.00611063396464776,24.4,88,0,40,7.85714285714286,40,3,"N"
"BOL.9_1",0.00318220963623628,0.663250338741684,0.161936990083143,0.8,4,0,56,30,56,4,"N"
