"state","chsq.prob","odds","pval","cases_yearly","max_cases_monthly","cases_2years","max_gaplength","mean_gaplength","t_since_last_case","t_nocase_prior_lastcase","consecutive_cases_2yr"
"BOL.1_1",0.0189830427762622,0.832901517068442,0.15890473562254,33,11,52,3,0.148148148148148,0,0,"Y"
"BOL.2_1",0.00116203913270418,1.31326084471307,0.0863832956638657,124,38,197,4,0.087719298245614,0,0,"Y"
"BOL.3_1",1.7222754333801e-09,1.16249720203725,9.07164737585671e-05,3.6,2,17,25,3.13333333333333,0,0,"Y"
"BOL.4_1",NA,NA,NA,56.8,17,66,1,0.0508474576271186,0,0,"Y"
"BOL.5_1",1.42237594824568e-06,1.16014963341964,0.00155604590773429,20.8,8,29,5,0.55,0,0,"Y"
"BOL.6_1",NA,NA,NA,0,0,0,61,61,61,0,"N"
"BOL.7_1",0.050031024459073,0.959116500642686,0.0655855886263703,16,6,23,6,0.51219512195122,0,0,"Y"
"BOL.8_1",NA,NA,NA,229.4,87,279,1,0.0689655172413793,0,0,"Y"
"BOL.9_1",0.00176926902224739,0.950699558351325,0.00384154723128394,8,7,4,7,1.95238095238095,3,5,"N"
