"state","chsq.prob","odds","pval","cases_yearly","max_cases_monthly","cases_2years","max_gaplength","mean_gaplength","t_since_last_case","t_nocase_prior_lastcase","consecutive_cases_2yr"
"BOL.1_1",0.00000123309356925283,0.913829506114307,0.0000852242853801644,12.4,25,0,25,1.81818181818182,25,0,"N"
"BOL.2_1",0.00000000660157517540227,0.884021606549168,0.0000330542523704493,42.6,98,4,12,1.06666666666667,12,0,"Y"
"BOL.3_1",0.000000373194558811463,0.905154984098574,0.0000718866846059278,5.8,8,1,13,2.44444444444444,13,11,"N"
"BOL.4_1",4.71500616328058e-12,0.828656261139819,0.0000791709643030065,16,11,1,14,1.13793103448276,10,14,"N"
"BOL.5_1",0.0000000458878012254971,0.89624301230199,0.0000380304548868984,12.2,17,3,11,1.48,10,2,"N"
"BOL.6_1",NA,NA,NA,0,0,0,61,61,61,0,"N"
"BOL.7_1",0.00000000311897652149895,0.871697790495926,0.0000561250447823969,6.2,6,0,25,2.875,25,0,"N"
"BOL.8_1",3.49329454252256e-11,0.829192966426263,0.000130371961349903,48.6,88,28,11,0.722222222222222,9,3,"N"
"BOL.9_1",0.00000435638815221573,0.920237429104797,0.000135074409919912,19.2,29,0,25,1.95238095238095,25,3,"N"
