"state","chsq.prob","odds","pval","cases_yearly","max_cases_monthly","cases_2years","max_gaplength","mean_gaplength","t_since_last_case","t_nocase_prior_lastcase","consecutive_cases_2yr"
"BOL.1_1",0.00019210139715109,0.890561212584751,0.00692209053377573,26.4,11,17,4,0.377777777777778,4,0,"Y"
"BOL.2_1",0.00199993790728692,0.794531893405663,0.0855731309494867,78.4,33,83,3,0.107142857142857,0,3,"Y"
"BOL.3_1",0.00256136013928054,1.04957831311119,0.00501876189444565,6.4,8,23,13,1.81818181818182,0,8,"Y"
"BOL.4_1",0.00142595001581214,2.25835525835212e-20,0.999487650286804,48.2,17,62,1,0.107142857142857,1,0,"Y"
"BOL.5_1",0.00237137536078746,0.888073533663425,0.0302647506254627,23.4,8,33,3,0.347826086956522,2,3,"Y"
"BOL.6_1",NA,NA,NA,0,0,0,61,61,61,0,"N"
"BOL.7_1",0.0118476885472719,0.955556041043664,0.018780295415118,12.6,6,19,6,0.823529411764706,2,2,"Y"
"BOL.8_1",NA,NA,NA,227.6,87,110,1,0.0508474576271186,0,1,"Y"
"BOL.9_1",0.0331742833259031,1.03362464528153,0.0397988097541404,19.2,29,85,7,1.69565217391304,1,0,"Y"
