"state","chsq.prob","odds","pval","cases_yearly","max_cases_monthly","cases_2years","max_gaplength","mean_gaplength","t_since_last_case","t_nocase_prior_lastcase","consecutive_cases_2yr"
"BOL.1_1",6.77470934906665e-09,0.882948965297664,3.64116031353718e-05,12.2,25,0,29,1.95238095238095,29,0,"N"
"BOL.2_1",4.01292898910555e-09,0.883141763492817,2.71942350028684e-05,38.8,98,4,16,1.38461538461538,16,0,"Y"
"BOL.3_1",2.38543615516118e-06,0.909701163124093,0.000180819179812299,4.8,8,1,17,3.13333333333333,17,11,"N"
"BOL.4_1",2.7636781751994e-12,0.82814789640022,7.13691743538008e-05,13,11,1,14,1.48,14,14,"N"
"BOL.5_1",3.60877921989911e-08,0.895768998022935,3.41505831657023e-05,11.2,17,3,14,1.81818181818182,14,2,"N"
"BOL.6_1",NA,NA,NA,0,0,0,61,61,61,0,"N"
"BOL.7_1",4.13159967349586e-08,0.876961951255864,0.000139788757321763,4.6,6,0,29,4.16666666666667,29,0,"N"
"BOL.8_1",5.25746113311243e-12,0.827045966323278,8.87302233134051e-05,45,88,28,13,0.9375,13,3,"N"
"BOL.9_1",6.66257826686945e-10,0.869097720228455,3.32302359467465e-05,19.2,29,0,29,1.95238095238095,29,3,"N"
