"state","chsq.prob","odds","pval","cases_yearly","max_cases_monthly","cases_2years","max_gaplength","mean_gaplength","t_since_last_case","t_nocase_prior_lastcase","consecutive_cases_2yr"
"BOL.1_1",0,66754989551836168192,0.999530022443034,19.6,7,86,27,0.878787878787879,0,0,"Y"
"BOL.2_1",1.30229160788531e-13,1.26262591240419,0.000229978683132876,77.6,38,369,27,1.06666666666667,0,0,"Y"
"BOL.3_1",0.00678975925756609,1.33601148088819,0.159820903773318,0.2,1,1,57,30,3,57,"N"
"BOL.4_1",0,63313305963250212864,0.999524315063721,39,17,169,26,0.722222222222222,0,0,"Y"
"BOL.5_1",0.00000000203212935367958,1.15129984651454,0.0000570024157846502,10.2,8,48,24,2.44444444444444,0,0,"Y"
"BOL.6_1",NA,NA,NA,0,0,0,61,61,61,0,"N"
"BOL.7_1",1.43218770176645e-14,1.33189641946424,0.000771343528738792,9.6,4,42,23,1.2962962962963,0,0,"Y"
"BOL.8_1",3.33066907387547e-15,1.37831935384334,0.00140897169048727,120.4,87,597,24,1.21428571428571,0,0,"Y"
"BOL.9_1",0.00000280649479089679,1.08930193037945,0.00011396125258104,7.6,7,31,26,2.26315789473684,1,5,"Y"
