"state","chsq.prob","odds","pval","cases_yearly","max_cases_monthly","cases_2years","max_gaplength","mean_gaplength","t_since_last_case","t_nocase_prior_lastcase","consecutive_cases_2yr"
"BOL.1_1",0.0156494870214455,0.941753204044845,0.0323704060850136,22,11,23,4,0.409090909090909,0,0,"Y"
"BOL.2_1",0.00652791778080375,0.88906753719079,0.0522022234585707,66.4,18,65,3,0.169811320754717,0,1,"Y"
"BOL.3_1",0.428694693205078,1.01192586562945,0.430860656234649,6.4,8,17,13,1.81818181818182,6,8,"Y"
"BOL.4_1",0.113154719739618,0.851881036780429,0.319462113399395,37.8,10,49,2,0.148148148148148,0,0,"Y"
"BOL.5_1",0.044105486572503,0.939599095951197,0.0784653361274741,23.2,8,34,3,0.409090909090909,1,0,"Y"
"BOL.6_1",NA,NA,NA,0,0,0,61,61,61,0,"N"
"BOL.7_1",0.010852903993431,0.958135059690531,0.0163672109401066,10.8,6,11,6,1.06666666666667,2,5,"Y"
"BOL.8_1",NA,NA,NA,193,87,89,1,0.0508474576271186,0,0,"Y"
"BOL.9_1",1.68395390532927e-05,1.07923911629783,0.000249430437479969,19.2,29,89,7,1.58333333333333,0,1,"Y"
