"state","chsq.prob","odds","pval","cases_yearly","max_cases_monthly","cases_2years","max_gaplength","mean_gaplength","t_since_last_case","t_nocase_prior_lastcase","consecutive_cases_2yr"
"BOL.1_1",0.00142595001581214,44280012828210708480,0.999487650286624,33.4,11,72,3,0.148148148148148,1,1,"Y"
"BOL.2_1",0.00652791778080375,1.12477394367556,0.0522022234585705,119.4,38,214,4,0.148148148148148,0,0,"Y"
"BOL.3_1",2.99969071693162e-06,1.1367440948712,0.00108949944145798,2,2,9,33,5.88888888888889,0,0,"Y"
"BOL.4_1",NA,NA,NA,55,17,84,2,0.0689655172413793,0,0,"Y"
"BOL.5_1",5.38618932788282e-08,1.14347204792529,0.000184544024826393,19,8,49,8,0.823529411764706,0,1,"Y"
"BOL.6_1",NA,NA,NA,0,0,0,61,61,61,0,"N"
"BOL.7_1",0.0903141759404101,0.968721405978612,0.102307736365409,14.2,6,27,6,0.675675675675676,2,4,"Y"
"BOL.8_1",2.41613671136953e-06,1.598762154909,0.0370922779626494,218.2,87,526,4,0.215686274509804,0,0,"Y"
"BOL.9_1",0.000992911561051968,0.94691216341636,0.00263233854291356,8.6,7,5,7,1.69565217391304,1,7,"N"
