"state","chsq.prob","odds","pval","cases_yearly","max_cases_monthly","cases_2years","max_gaplength","mean_gaplength","t_since_last_case","t_nocase_prior_lastcase","consecutive_cases_2yr"
"BOL.1_1",1.11022302462516e-16,225347473706656399360,0.999643474093851,26.4,10,97,18,0.476190476190476,0,0,"Y"
"BOL.2_1",7.29671878474392e-12,1.25771366196522,0.000378986358843756,91.2,38,314,18,0.58974358974359,0,0,"Y"
"BOL.3_1",0.133657634244644,1.07894647470375,0.215604238657923,0.2,1,1,48,30,12,48,"N"
"BOL.4_1",2.22044604925031e-16,207687988257952104448,0.99963674632706,47.6,17,177,17,0.377777777777778,0,0,"Y"
"BOL.5_1",2.65554689349301e-10,1.15563295921395,0.0000293506731835848,16.2,8,75,15,1.2962962962963,0,0,"Y"
"BOL.6_1",NA,NA,NA,0,0,0,61,61,61,0,"N"
"BOL.7_1",3.03634895004734e-12,1.32698650285816,0.00111748347528539,13.2,6,49,14,0.771428571428571,0,0,"Y"
"BOL.8_1",3.63820085169664e-13,1.37566442437575,0.00170193251699774,181,87,879,15,0.675675675675676,0,0,"Y"
"BOL.9_1",0.0171373970664755,1.03787203657149,0.0225600083701058,8.2,7,26,17,1.95238095238095,0,4,"Y"
