"state","chsq.prob","odds","pval","cases_yearly","max_cases_monthly","cases_2years","max_gaplength","mean_gaplength","t_since_last_case","t_nocase_prior_lastcase","consecutive_cases_2yr"
"BOL.1_1",0.0000000044406337496028,90092068474269138944,0.999560235414533,0.8,2,4,57,14.5,0,1,"Y"
"BOL.2_1",0.0000000044406337496028,90092068474269138944,0.999560235414533,1.2,3,6,57,11.4,0,0,"Y"
"BOL.3_1",NA,NA,NA,0,0,0,61,61,61,0,"N"
"BOL.4_1",4.21649604120944e-10,99586944402765053952,0.999570165630399,2.6,4,13,56,9.33333333333333,0,0,"Y"
"BOL.5_1",0.0279381244907601,1.16688821017463,0.159962993850209,0.2,1,1,54,30,6,54,"N"
"BOL.6_1",NA,NA,NA,0,0,0,61,61,61,0,"N"
"BOL.7_1",0.0000124140601727163,1.39307922883847,0.0311243693534859,0.4,1,2,53,19.6666666666667,2,4,"N"
"BOL.8_1",0.000236140918097427,1.29433536077601,0.048829522461972,0.4,1,2,54,19.6666666666667,2,3,"N"
"BOL.9_1",0.000000177499029474504,2.45853167464944,0.070475130567372,0.4,1,2,56,19.6666666666667,1,2,"N"
