"state","chsq.prob","odds","pval","cases_yearly","max_cases_monthly","cases_2years","max_gaplength","mean_gaplength","t_since_last_case","t_nocase_prior_lastcase","consecutive_cases_2yr"
"BOL.1_1",6.7175087429816e-05,0.875891048869444,0.00621705266747768,27.2,11,19,4,0.347826086956522,3,0,"Y"
"BOL.2_1",0.000853215195599444,0.740516996555159,0.0869953990695618,84.4,33,94,3,0.107142857142857,3,0,"Y"
"BOL.3_1",0.00272173612752369,1.04932123034038,0.00526557529937717,6.2,8,24,13,1.95238095238095,8,0,"Y"
"BOL.4_1",NA,NA,NA,50.4,17,63,1,0.087719298245614,0,0,"Y"
"BOL.5_1",0.0134653989291308,0.906104841735055,0.0596305113159396,24,8,33,3,0.319148936170213,1,3,"Y"
"BOL.6_1",NA,NA,NA,0,0,0,61,61,61,0,"N"
"BOL.7_1",0.0209486391473943,0.958635001879843,0.0297416042300968,13,6,19,6,0.771428571428571,1,2,"Y"
"BOL.8_1",NA,NA,NA,229.4,87,119,1,0.0508474576271186,1,0,"Y"
"BOL.9_1",0.0866155391042301,1.02661517865687,0.0939219419951962,20.6,29,86,7,1.58333333333333,0,0,"Y"
