"state","chsq.prob","odds","pval","cases_yearly","max_cases_monthly","cases_2years","max_gaplength","mean_gaplength","t_since_last_case","t_nocase_prior_lastcase","consecutive_cases_2yr"
"BOL.1_1",4.21649604120944e-10,99586944402765053952,0.999570165630399,0.8,2,4,56,14.5,1,1,"Y"
"BOL.2_1",4.21649604120944e-10,99586944402765053952,0.999570165630399,1.2,3,6,56,11.4,1,0,"Y"
"BOL.3_1",NA,NA,NA,0,0,0,61,61,61,0,"N"
"BOL.4_1",4.87269113946809e-11,1.09148798894256e+20,0.999579072831119,2.8,4,14,55,7.85714285714286,0,0,"Y"
"BOL.5_1",0.00254688908909106,1.23789140811805,0.0853280923230143,0.2,1,1,53,30,7,53,"N"
"BOL.6_1",NA,NA,NA,0,0,0,61,61,61,0,"N"
"BOL.7_1",1.34390353045966e-06,1.42580740077629,0.0208850553769666,0.6,1,3,52,14.5,0,2,"N"
"BOL.8_1",0.000628990645977101,1.22635930342149,0.0477134671621573,0.4,1,2,53,19.6666666666667,3,3,"N"
"BOL.9_1",1.67443954257607e-08,2.48167685546362,0.0643743688181145,0.8,2,4,55,14.5,0,1,"N"
