"state","chsq.prob","odds","pval","cases_yearly","max_cases_monthly","cases_2years","max_gaplength","mean_gaplength","t_since_last_case","t_nocase_prior_lastcase","consecutive_cases_2yr"
"BOL.1_1",0.0525321419898693,0.889472598296995,0.168096044021131,33,11,42,3,0.169811320754717,0,0,"Y"
"BOL.2_1",1.0567718176091e-06,70185232837350105088,0.999534662947281,126.8,38,190,5,0.087719298245614,0,0,"Y"
"BOL.3_1",3.20181214874538e-10,1.16628771253199,5.4801366313047e-05,5.4,8,26,22,2.64705882352941,0,0,"Y"
"BOL.4_1",NA,NA,NA,58,17,76,1,0.0508474576271186,0,0,"Y"
"BOL.5_1",0.000101201408467366,1.13406333603711,0.00642883670552426,23,8,37,5,0.441860465116279,0,0,"Y"
"BOL.6_1",NA,NA,NA,0,0,0,61,61,61,0,"N"
"BOL.7_1",0.182700395124437,0.972956323332157,0.195120177061987,16.2,6,19,6,0.51219512195122,0,1,"Y"
"BOL.8_1",NA,NA,NA,233.2,87,247,1,0.0508474576271186,0,0,"Y"
"BOL.9_1",0.0205085820091676,0.96442942314626,0.0263298209840595,13.6,29,34,7,1.69565217391304,0,0,"Y"
