"state","chsq.prob","odds","pval","cases_yearly","max_cases_monthly","cases_2years","max_gaplength","mean_gaplength","t_since_last_case","t_nocase_prior_lastcase","consecutive_cases_2yr"
"BOL.1_1",6.66133814775094e-16,1.91573472662411e+20,0.999629961887776,27.6,10,96,16,0.409090909090909,0,0,"Y"
"BOL.2_1",3.98356903019703e-11,1.25454957390344,0.000491591516198547,93.6,38,251,16,0.51219512195122,0,0,"Y"
"BOL.3_1",0.00276197630772324,1.15494172134014,0.0484444895838237,0.6,2,3,46,19.6666666666667,0,13,"N"
"BOL.4_1",2.33146835171283e-15,1.76890312950001e+20,0.999623138141307,48.8,17,169,15,0.319148936170213,0,0,"Y"
"BOL.5_1",3.43573502981087e-10,1.15512851896845,3.18583537791496e-05,16.6,8,77,13,1.21428571428571,0,1,"Y"
"BOL.6_1",NA,NA,NA,0,0,0,61,61,61,0,"N"
"BOL.7_1",4.85813492767662e-08,1.15173377511921,0.000249470992749541,13.6,6,46,12,0.722222222222222,1,0,"Y"
"BOL.8_1",2.3910873281352e-12,1.37346121384304,0.00192622818625128,188.6,87,905,13,0.58974358974359,0,0,"Y"
"BOL.9_1",0.152145228921657,1.02193494895401,0.158582855488673,8.2,7,23,15,1.95238095238095,2,4,"Y"
