"state","chsq.prob","odds","pval","cases_yearly","max_cases_monthly","cases_2years","max_gaplength","mean_gaplength","t_since_last_case","t_nocase_prior_lastcase","consecutive_cases_2yr"
"BOL.1_1",4.4406337496028e-09,1.10997562647042e-20,0.999560235414378,7.4,25,0,55,9.33333333333333,55,0,"N"
"BOL.2_1",4.92116350703231e-06,0.831671058160411,0.00611314315744141,25.2,98,0,42,6.75,42,0,"N"
"BOL.3_1",5.4957233493802e-05,0.828287917680985,0.0162380769841081,1.4,4,0,43,11.4,43,11,"N"
"BOL.4_1",0.00181832206506005,0.882509634237679,0.0293502971524598,3,11,0,40,14.5,40,14,"N"
"BOL.5_1",0.000839247816941557,0.899715156674071,0.0124251688187693,4.2,17,0,40,11.4,40,2,"N"
"BOL.6_1",NA,NA,NA,0,0,0,61,61,61,0,"N"
"BOL.7_1",0.000414158863072833,0.684892413028861,0.0890450548156957,2.2,6,0,55,19.6666666666667,55,0,"N"
"BOL.8_1",1.10410345692813e-05,0.863747698476189,0.0037452211661863,24.6,88,0,39,6.75,39,3,"N"
"BOL.9_1",0.000162211406163126,0.597543539561071,0.0935968766577644,1.2,4,0,55,19.6666666666667,55,3,"N"
