"state","chsq.prob","odds","pval","cases_yearly","max_cases_monthly","cases_2years","max_gaplength","mean_gaplength","t_since_last_case","t_nocase_prior_lastcase","consecutive_cases_2yr"
"BOL.1_1",0.000416090593060137,0.931588297360834,0.00239425119796384,23,25,49,7,0.675675675675676,7,0,"Y"
"BOL.2_1",1.65815998687258e-06,0.863832046277013,0.00155674079308835,76.8,98,142,7,0.347826086956522,7,0,"Y"
"BOL.3_1",0.0282779278786913,0.966545086303862,0.0346003172300453,7.4,8,7,8,1.58333333333333,7,2,"Y"
"BOL.4_1",2.21286156065759e-09,0.711931264607109,0.00573783373230261,24.8,11,28,7,0.409090909090909,7,3,"Y"
"BOL.5_1",5.06393547339279e-06,0.896590047358386,0.000642587564874507,15.4,17,32,7,0.823529411764706,7,3,"Y"
"BOL.6_1",NA,NA,NA,0,0,0,61,61,61,0,"N"
"BOL.7_1",0.0327291427489743,0.967538738191356,0.0392483713684561,9.6,6,14,7,1.81818181818182,7,0,"Y"
"BOL.8_1",4.87269113946809e-11,9.16180518366692e-21,0.9995790728293,92.2,88,123,7,0.192307692307692,7,0,"Y"
"BOL.9_1",0.303390008960301,1.0156687111347,0.307306826644528,19.8,29,52,7,1.58333333333333,7,3,"Y"
