"state","chsq.prob","odds","pval","cases_yearly","max_cases_monthly","cases_2years","max_gaplength","mean_gaplength","t_since_last_case","t_nocase_prior_lastcase","consecutive_cases_2yr"
"BOL.1_1",5.9133303254022e-08,80429378782945280000,0.999548752900278,0.6,2,3,58,19.6666666666667,1,0,"Y"
"BOL.2_1",5.9133303254022e-08,80429378782945280000,0.999548752900278,1,3,5,58,14.5,0,0,"Y"
"BOL.3_1",NA,NA,NA,0,0,0,61,61,61,0,"N"
"BOL.4_1",4.4406337496028e-09,90092068474269138944,0.999560235414533,1.8,3,9,57,11.4,0,0,"Y"
"BOL.5_1",0.0189830427762621,1.20062213780051,0.15890473562254,0.2,1,1,55,30,5,55,"N"
"BOL.6_1",NA,NA,NA,0,0,0,61,61,61,0,"N"
"BOL.7_1",0.000131042043783114,1.34683158738775,0.0498892826896262,0.4,1,2,54,19.6666666666667,1,4,"N"
"BOL.8_1",6.60316963251306e-05,1.42299419848782,0.051603015242006,0.4,1,2,55,19.6666666666667,1,3,"N"
"BOL.9_1",2.36618432269964e-06,2.40707585214594,0.0827840915755666,0.4,1,2,57,19.6666666666667,0,2,"N"
