"state","chsq.prob","odds","pval","cases_yearly","max_cases_monthly","cases_2years","max_gaplength","mean_gaplength","t_since_last_case","t_nocase_prior_lastcase","consecutive_cases_2yr"
"BOL.1_1",0.0622926872207107,0.959406000752858,0.0798303089112975,26.2,25,52,4,0.441860465116279,1,0,"Y"
"BOL.2_1",0.0113747555423993,0.917356735038654,0.0429567048824473,83.6,98,153,3,0.192307692307692,1,0,"Y"
"BOL.3_1",0.481950334032502,1.01060225285298,0.483587412359606,7.4,8,11,11,1.58333333333333,1,2,"Y"
"BOL.4_1",0.000308253189729379,0.785101288071288,0.0484504279877108,31.8,11,38,3,0.24,1,3,"Y"
"BOL.5_1",0.00436381887538917,0.927848706929281,0.016738899700815,20.6,17,36,3,0.55,1,3,"Y"
"BOL.6_1",NA,NA,NA,0,0,0,61,61,61,0,"N"
"BOL.7_1",0.069090861997262,0.97176252095808,0.076898563680249,11,6,16,6,1.2962962962963,1,0,"Y"
"BOL.8_1",0.00142595001581214,2.25835525835212e-20,0.999487650286804,141,88,136,1,0.0689655172413793,1,0,"Y"
"BOL.9_1",0.000935952715720889,1.05641228015479,0.00252882326927678,20.2,29,64,7,1.48,1,3,"Y"
