"state","chsq.prob","odds","pval","cases_yearly","max_cases_monthly","cases_2years","max_gaplength","mean_gaplength","t_since_last_case","t_nocase_prior_lastcase","consecutive_cases_2yr"
"BOL.1_1",9.2148511043888e-15,6.11674265350601e-21,0.999616270208119,9,25,0,48,4.63636363636364,48,0,"N"
"BOL.2_1",0.0000000106163996482778,0.835971976168761,0.0005811886634975,27.6,98,0,35,4.16666666666667,35,0,"N"
"BOL.3_1",0.000348133141284235,0.898277661957896,0.00763853641997575,1.6,4,0,36,9.33333333333333,36,11,"N"
"BOL.4_1",0.00000075268389798655,0.853911378589949,0.00157003881921202,4.4,11,0,33,6.75,33,14,"N"
"BOL.5_1",0.00000160522855507939,0.880903061243915,0.000742961892252171,6.2,17,0,33,5.88888888888889,33,2,"N"
"BOL.6_1",NA,NA,NA,0,0,0,61,61,61,0,"N"
"BOL.7_1",0.000639804686661694,0.858332995519184,0.0274913469475577,2.4,6,0,48,14.5,48,0,"N"
"BOL.8_1",0.00000000185198867352909,0.835625047400373,0.000325412562261286,28.2,88,0,32,3.13333333333333,32,3,"N"
"BOL.9_1",3.5174751999989e-11,0.526079539334027,0.0256241505340356,2.2,4,0,48,7.85714285714286,48,3,"N"
