"state","chsq.prob","odds","pval","cases_yearly","max_cases_monthly","cases_2years","max_gaplength","mean_gaplength","t_since_last_case","t_nocase_prior_lastcase","consecutive_cases_2yr"
"BOL.1_1",3.99680288865056e-14,6.61461389268399e-21,0.999609326401949,9,25,0,49,4.63636363636364,49,0,"N"
"BOL.2_1",3.44009163377734e-08,0.839036481615422,0.000788617982161241,27.4,98,0,36,4.63636363636364,36,0,"N"
"BOL.3_1",0.00145215479998195,0.907279760021405,0.0140642453235342,1.4,4,0,37,11.4,37,11,"N"
"BOL.4_1",1.04212726892428e-07,0.825700796424711,0.00177843678435002,4.4,11,0,34,6.75,34,14,"N"
"BOL.5_1",2.53124755045242e-07,0.862317131088076,0.000704444406975936,6.2,17,0,34,5.88888888888889,34,2,"N"
"BOL.6_1",NA,NA,NA,0,0,0,61,61,61,0,"N"
"BOL.7_1",0.000262841320761265,0.83427313302356,0.0273406681297853,2.4,6,0,49,14.5,49,0,"N"
"BOL.8_1",5.11938846869953e-09,0.837780882363769,0.000420237875600524,27.6,88,0,33,3.42857142857143,33,3,"N"
"BOL.9_1",1.93848603835534e-10,0.527021404793352,0.026724479015926,2.2,4,0,49,7.85714285714286,49,3,"N"
