"state","chsq.prob","odds","pval","cases_yearly","max_cases_monthly","cases_2years","max_gaplength","mean_gaplength","t_since_last_case","t_nocase_prior_lastcase","consecutive_cases_2yr"
"BOL.1_1",0.0985570981250778,0.962458569705519,0.11770701019554,22.2,11,33,4,0.409090909090909,0,0,"Y"
"BOL.2_1",0.0364456183410284,0.926957892211473,0.0826168828503746,66.4,18,76,3,0.169811320754717,0,0,"Y"
"BOL.3_1",0.228106764984888,1.01834463634615,0.233235566533228,6.6,8,16,13,1.69565217391304,2,0,"Y"
"BOL.4_1",0.00154136940301075,0.779243027645969,0.0859197024168805,32.2,10,39,3,0.215686274509804,3,0,"Y"
"BOL.5_1",0.00844908514982523,0.929777239203471,0.0262027196534213,18.8,8,28,3,0.51219512195122,3,1,"Y"
"BOL.6_1",NA,NA,NA,0,0,0,61,61,61,0,"N"
"BOL.7_1",0.0387848478902608,0.967390541759173,0.04627999629717,10.6,6,12,6,1.21428571428571,0,5,"N"
"BOL.8_1",NA,NA,NA,138.4,49,68,1,0.0508474576271186,0,0,"Y"
"BOL.9_1",0.000509324919100163,1.05997929714767,0.00169149885308581,19.6,29,90,7,1.48,3,0,"Y"
