"state","chsq.prob","odds","pval","cases_yearly","max_cases_monthly","cases_2years","max_gaplength","mean_gaplength","t_since_last_case","t_nocase_prior_lastcase","consecutive_cases_2yr"
"BOL.1_1",1.9373391779709e-13,139781032337421254656,0.99960224460878,28.6,10,85,12,0.319148936170213,0,0,"Y"
"BOL.2_1",0.00000000311173564693235,1.2423915541332,0.0010908651680042,98,38,169,12,0.377777777777778,0,0,"Y"
"BOL.3_1",0.000417498053587928,1.14500630347688,0.0166912955688457,1,2,5,42,11.4,2,0,"Y"
"BOL.4_1",1.06248343456627e-12,129093340734039261184,0.999594930705834,50.6,17,147,11,0.24,0,0,"Y"
"BOL.5_1",0.0000000585984322176714,1.11778359796505,0.0000500107634543394,17,8,73,9,1.06666666666667,0,0,"Y"
"BOL.6_1",NA,NA,NA,0,0,0,61,61,61,0,"N"
"BOL.7_1",0.0558507109658943,1.03408117208193,0.0658310970901394,13.6,6,37,8,0.722222222222222,5,0,"Y"
"BOL.8_1",2.96375923802827e-10,1.36279661872443,0.00306853152676337,196.8,87,889,9,0.441860465116279,0,0,"Y"
"BOL.9_1",0.658303948439779,1.00665883818514,0.658779767505125,8.4,7,9,11,1.81818181818182,0,5,"Y"
