"state","chsq.prob","odds","pval","cases_yearly","max_cases_monthly","cases_2years","max_gaplength","mean_gaplength","t_since_last_case","t_nocase_prior_lastcase","consecutive_cases_2yr"
"BOL.1_1",4.21649604120944e-10,1.00414748416424e-20,0.999570165653668,7.6,25,0,54,7.85714285714286,54,0,"N"
"BOL.2_1",9.51097926304989e-07,0.823688558044379,0.00401107056107964,26.4,98,0,41,5.88888888888889,41,0,"N"
"BOL.3_1",8.45930947601659e-06,0.815406638658485,0.0101131683173807,1.4,4,0,42,11.4,42,11,"N"
"BOL.4_1",0.000310321214294307,0.867525073651576,0.0164160585439799,3.4,11,0,39,11.4,39,14,"N"
"BOL.5_1",0.00019210139715109,0.890561212584751,0.00692209053377575,4.2,17,0,39,11.4,39,2,"N"
"BOL.6_1",NA,NA,NA,0,0,0,61,61,61,0,"N"
"BOL.7_1",0.00116203913270418,0.76146334829505,0.0863832956638659,2.2,6,0,54,19.6666666666667,54,0,"N"
"BOL.8_1",2.56545772636674e-06,0.857189027696167,0.00238695971810251,25.2,88,0,38,5.88888888888889,38,3,"N"
"BOL.9_1",1.02129268062523e-05,0.563966604983541,0.0614264132975357,1.4,4,0,54,14.5,54,3,"N"
