"state","chsq.prob","odds","pval","cases_yearly","max_cases_monthly","cases_2years","max_gaplength","mean_gaplength","t_since_last_case","t_nocase_prior_lastcase","consecutive_cases_2yr"
"BOL.1_1",0,244613168806106890240,0.999650110677884,24.4,7,90,19,0.51219512195122,0,0,"Y"
"BOL.2_1",3.50164341966774e-12,1.25886066604737,0.00034172705500395,88,38,335,19,0.631578947368421,0,0,"Y"
"BOL.3_1",0.10896621740739,1.08764391565265,0.199344595078157,0.2,1,1,49,30,11,49,"N"
"BOL.4_1",1.11022302462516e-16,225347473706656399360,0.999643474093851,47.2,17,180,18,0.409090909090909,0,0,"Y"
"BOL.5_1",2.57145527093883e-10,1.15569512110943,0.0000290525093170741,15.8,8,73,16,1.38461538461538,0,0,"Y"
"BOL.6_1",NA,NA,NA,0,0,0,61,61,61,0,"N"
"BOL.7_1",1.23756560554966e-12,1.32821742937315,0.00103120353014622,12.6,6,47,15,0.823529411764706,0,0,"Y"
"BOL.8_1",1.60316204755873e-13,1.37638031087918,0.0016277178526581,176.8,87,861,16,0.722222222222222,0,0,"Y"
"BOL.9_1",0.0168428104806166,1.03796061718685,0.0222250583188682,8,7,26,18,2.1,4,4,"Y"
