"state","chsq.prob","odds","pval","cases_yearly","max_cases_monthly","cases_2years","max_gaplength","mean_gaplength","t_since_last_case","t_nocase_prior_lastcase","consecutive_cases_2yr"
"BOL.1_1",0.0000000028015810782378,0.783208071016855,0.00181577760035437,9,25,0,46,4.63636363636364,46,0,"N"
"BOL.2_1",0.00000004509090767435,0.860927229087092,0.000350455188992428,27.6,98,0,33,4.16666666666667,33,0,"N"
"BOL.3_1",0.000243441221486007,0.902677922405089,0.00527661889032965,1.6,4,0,34,9.33333333333333,34,11,"N"
"BOL.4_1",0.0000000584919456203536,0.845611318388264,0.000754006377620015,5.2,11,0,31,5.2,31,14,"N"
"BOL.5_1",0.00000282663981410192,0.891829605912254,0.000585885631407962,6.8,17,0,31,5.2,31,2,"N"
"BOL.6_1",NA,NA,NA,0,0,0,61,61,61,0,"N"
"BOL.7_1",0.000227396147780223,0.86115931024009,0.0162222555777392,2.6,6,0,46,11.4,46,0,"N"
"BOL.8_1",3.03608360674446e-10,0.832333865906266,0.000210613484585566,28.4,88,0,30,2.875,30,3,"N"
"BOL.9_1",1.66566760384512e-12,0.52524172358683,0.0245268686495523,3.2,4,0,46,5.88888888888889,46,3,"N"
