"state","chsq.prob","odds","pval","cases_yearly","max_cases_monthly","cases_2years","max_gaplength","mean_gaplength","t_since_last_case","t_nocase_prior_lastcase","consecutive_cases_2yr"
"BOL.1_1",1.4992523178492e-06,0.914292760597355,9.46785548922964e-05,12.2,25,0,26,1.95238095238095,26,0,"N"
"BOL.2_1",5.30951393962198e-09,0.883631959246874,3.0343102026755e-05,41.4,98,4,13,1.13793103448276,13,0,"Y"
"BOL.3_1",5.44944587788088e-07,0.90602761103652,8.65703823703627e-05,5.4,8,1,14,2.64705882352941,14,11,"N"
"BOL.4_1",3.73134856346269e-12,0.828429101387659,7.56280756005886e-05,14.8,11,1,14,1.21428571428571,11,14,"N"
"BOL.5_1",3.94904843270538e-08,0.8959456862613,3.55554571579922e-05,12,17,3,11,1.58333333333333,11,2,"N"
"BOL.6_1",NA,NA,NA,0,0,0,61,61,61,0,"N"
"BOL.7_1",5.39607447613832e-09,0.872714134351182,6.78527488423344e-05,5.6,6,0,26,3.13333333333333,26,0,"N"
"BOL.8_1",1.96023197673867e-11,0.828482654838731,0.00011551702634607,47.2,88,28,11,0.771428571428571,10,3,"N"
"BOL.9_1",3.4858910469282e-07,0.9072592294958,5.84166718765729e-05,19.2,29,0,26,1.95238095238095,26,3,"N"
