"state","chsq.prob","odds","pval","cases_yearly","max_cases_monthly","cases_2years","max_gaplength","mean_gaplength","t_since_last_case","t_nocase_prior_lastcase","consecutive_cases_2yr"
"BOL.1_1",0,63313300141147103232,0.999524315053313,10.8,6,54,38,1.81818181818182,0,0,"Y"
"BOL.2_1",1.81010761934886e-12,1.25978787662606,0.000312842748817032,62.8,38,314,38,2.26315789473684,0,0,"Y"
"BOL.3_1",NA,NA,NA,0,0,0,61,61,61,0,"N"
"BOL.4_1",0,66754990105857449984,0.999530022443827,20.4,12,102,37,1.48,0,0,"Y"
"BOL.5_1",3.06538806592593e-05,1.1166240533029,0.00198288857489473,2,3,9,35,7.85714285714286,0,0,"Y"
"BOL.6_1",NA,NA,NA,0,0,0,61,61,61,0,"N"
"BOL.7_1",4.41868763800812e-14,1.33128397644525,0.000816657644874466,5.8,4,28,34,2.44444444444444,0,0,"Y"
"BOL.8_1",2.17603712826531e-14,1.37763432242133,0.0014923026300767,15.2,17,75,35,2.64705882352941,0,0,"Y"
"BOL.9_1",4.05786515500495e-13,1.29665180608442,0.000548950803000417,6.4,7,32,37,3.13333333333333,1,0,"Y"
