"state","chsq.prob","odds","pval","cases_yearly","max_cases_monthly","cases_2years","max_gaplength","mean_gaplength","t_since_last_case","t_nocase_prior_lastcase","consecutive_cases_2yr"
"BOL.1_1",0.000995468596004079,0.489309220822221,0.169515428361071,33,11,62,3,0.169811320754717,3,1,"Y"
"BOL.2_1",0.0131675321104883,1.13791037092565,0.0888309463927351,122.8,38,218,4,0.107142857142857,0,0,"Y"
"BOL.3_1",4.19613567226307e-08,1.15346678580938,0.000249975191645369,3,2,14,29,4.16666666666667,0,1,"Y"
"BOL.4_1",NA,NA,NA,56.6,17,75,1,0.0508474576271186,0,0,"Y"
"BOL.5_1",2.69097527150208e-06,1.12905097915187,0.000777910993157274,20,8,34,5,0.675675675675676,0,1,"Y"
"BOL.6_1",NA,NA,NA,0,0,0,61,61,61,0,"N"
"BOL.7_1",0.0360823109625409,0.957779592935996,0.0496290724358754,15.6,6,30,6,0.55,0,0,"Y"
"BOL.8_1",1.0567718176091e-06,70185232837350105088,0.999534662947281,221.6,87,400,5,0.148148148148148,0,0,"Y"
"BOL.9_1",0.000484885907039767,0.943803830383626,0.00159342227609279,8.4,7,5,7,1.81818181818182,5,7,"N"
