"state","chsq.prob","odds","pval","cases_yearly","max_cases_monthly","cases_2years","max_gaplength","mean_gaplength","t_since_last_case","t_nocase_prior_lastcase","consecutive_cases_2yr"
"BOL.1_1",0,72367850422732128256,0.999538596591743,18.6,7,86,29,1,0,0,"Y"
"BOL.2_1",1.13797860024079e-13,1.26273827132902,0.000226815092482935,75.2,38,361,29,1.21428571428571,0,0,"Y"
"BOL.3_1",0.000995468596004079,2.0436974359887,0.169515428361077,0.2,1,1,59,30,1,59,"N"
"BOL.4_1",0,69817124801735565312,0.999534805043662,36.4,17,162,28,0.823529411764706,0,0,"Y"
"BOL.5_1",0.00000000653812459727732,1.14842744234742,0.0000845180193968208,8.6,8,40,26,2.875,0,0,"Y"
"BOL.6_1",NA,NA,NA,0,0,0,61,61,61,0,"N"
"BOL.7_1",9.54791801177635e-15,1.33207520593716,0.000757564401523759,8.8,4,39,25,1.48,0,1,"Y"
"BOL.8_1",2.55351295663786e-15,1.37838675482859,0.00140042862335857,105.4,87,523,26,1.38461538461538,0,0,"Y"
"BOL.9_1",0.00000025625151744979,1.10499224040094,0.0000568248886465368,7.4,7,33,28,2.44444444444444,5,0,"Y"
