"state","chsq.prob","odds","pval","cases_yearly","max_cases_monthly","cases_2years","max_gaplength","mean_gaplength","t_since_last_case","t_nocase_prior_lastcase","consecutive_cases_2yr"
"BOL.1_1",4.4406337496028e-09,90092042198923427840,0.999560235382888,32.6,11,78,7,0.192307692307692,0,0,"Y"
"BOL.2_1",4.92116350703231e-06,1.20239846053068,0.00611314315744142,110.2,38,194,7,0.24,0,0,"Y"
"BOL.3_1",4.56032193851819e-05,1.13269894132686,0.00405389055807809,1.4,2,7,37,7.85714285714286,2,0,"Y"
"BOL.4_1",5.9133303254022e-08,8.0429378245695e+19,0.999548752899471,53.2,17,108,6,0.148148148148148,0,0,"Y"
"BOL.5_1",7.6150121819385e-07,1.1104459101632,0.000157934590182184,18.4,8,70,7,0.878787878787879,0,1,"Y"
"BOL.6_1",NA,NA,NA,0,0,0,61,61,61,0,"N"
"BOL.7_1",0.321814183176866,0.982493399462288,0.327310947763458,14.2,6,31,6,0.675675675675676,3,6,"Y"
"BOL.8_1",1.1939154543894e-06,1.3131299221936,0.0116551978867692,212.6,87,752,4,0.291666666666667,0,0,"Y"
"BOL.9_1",0.0401273407373592,0.968715269249103,0.0470165117416646,8.4,7,5,6,1.81818181818182,5,5,"N"
