"state","chsq.prob","odds","pval","cases_yearly","max_cases_monthly","cases_2years","max_gaplength","mean_gaplength","t_since_last_case","t_nocase_prior_lastcase","consecutive_cases_2yr"
"BOL.1_1",0.000487625971634986,0.902491630924105,0.00818231709521632,26.2,11,18,4,0.377777777777778,0,4,"Y"
"BOL.2_1",0.0039446357387396,0.829827576077028,0.0850987573819108,72,18,77,3,0.107142857142857,0,0,"Y"
"BOL.3_1",0.0105922461084846,1.0409508094093,0.0151516270041288,6.4,8,22,13,1.81818181818182,1,8,"Y"
"BOL.4_1",0.016184654649016,0.430822573548814,0.325863570082801,46.2,17,58,2,0.127272727272727,2,0,"Y"
"BOL.5_1",0.00437738140833488,0.90017225608687,0.0334316768978788,23.2,8,30,3,0.377777777777778,3,3,"Y"
"BOL.6_1",NA,NA,NA,0,0,0,61,61,61,0,"N"
"BOL.7_1",0.00684256471474431,0.952842738572081,0.0121913664700964,12.4,6,19,6,0.878787878787879,3,2,"Y"
"BOL.8_1",NA,NA,NA,225.2,87,110,1,0.0508474576271186,0,0,"Y"
"BOL.9_1",0.0106956998945001,1.04110330748677,0.01533682304377,19.4,29,86,7,1.58333333333333,0,1,"Y"
