"state","chsq.prob","odds","pval","cases_yearly","max_cases_monthly","cases_2years","max_gaplength","mean_gaplength","t_since_last_case","t_nocase_prior_lastcase","consecutive_cases_2yr"
"BOL.1_1",4.21649604120944e-10,99586948620789055488,0.999570165635734,32.4,11,80,8,0.215686274509804,0,0,"Y"
"BOL.2_1",0.000000951097926304989,1.21405110005926,0.0040110705610796,107.4,38,185,8,0.26530612244898,0,0,"Y"
"BOL.3_1",0.0000128554181246798,1.15484286710572,0.00375856651560949,1.4,2,7,38,7.85714285714286,1,0,"Y"
"BOL.4_1",0.0000000044406337496028,90092042198923427840,0.999560235382888,53,17,114,7,0.169811320754717,0,0,"Y"
"BOL.5_1",0.000000405074115250592,1.11238972059548,0.000118447424869321,18.2,8,71,7,0.9375,1,1,"Y"
"BOL.6_1",NA,NA,NA,0,0,0,61,61,61,0,"N"
"BOL.7_1",0.860080041365392,0.99689689414263,0.860129316186998,14.2,6,33,6,0.675675675675676,2,6,"Y"
"BOL.8_1",0.00000018195640016927,1.32940454781958,0.00813215194661805,211.6,87,811,5,0.319148936170213,0,0,"Y"
"BOL.9_1",0.122279498777324,0.976690121010399,0.129241726083338,8.4,7,5,7,1.81818181818182,4,5,"N"
