"state","chsq.prob","odds","pval","cases_yearly","max_cases_monthly","cases_2years","max_gaplength","mean_gaplength","t_since_last_case","t_nocase_prior_lastcase","consecutive_cases_2yr"
"BOL.1_1",0.0112403491824934,0.947486435632483,0.0215348950200439,25.8,25,52,4,0.51219512195122,3,0,"Y"
"BOL.2_1",0.000524218513754393,0.892928829321148,0.0114495493436267,82.4,98,146,3,0.24,3,0,"Y"
"BOL.3_1",0.799447200854473,0.996209041257662,0.799542124143877,7.4,8,9,9,1.58333333333333,3,2,"Y"
"BOL.4_1",3.69570634339844e-06,0.74331142567105,0.0188308418775893,29.4,11,34,3,0.291666666666667,3,3,"Y"
"BOL.5_1",0.000399214099801148,0.914276233257734,0.00473037287113588,18.4,17,35,3,0.631578947368421,3,3,"Y"
"BOL.6_1",NA,NA,NA,0,0,0,61,61,61,0,"N"
"BOL.7_1",0.0478880800630314,0.969605784723407,0.0551639276594626,10.8,6,14,6,1.38461538461538,3,0,"Y"
"BOL.8_1",1.0567718176091e-06,1.42480114564421e-20,0.999534662947119,129.2,88,129,3,0.107142857142857,3,0,"Y"
"BOL.9_1",0.0291183710262076,1.03487470583773,0.0357117804394379,20.2,29,64,7,1.48,3,3,"Y"
