"state","chsq.prob","odds","pval","cases_yearly","max_cases_monthly","cases_2years","max_gaplength","mean_gaplength","t_since_last_case","t_nocase_prior_lastcase","consecutive_cases_2yr"
"BOL.1_1",0,72367852152958828544,0.999538596594279,13.8,7,68,35,1.48,0,0,"Y"
"BOL.2_1",3.85580456452317e-13,1.26161024227455,0.000258856579094445,68.8,38,343,35,1.81818181818182,0,0,"Y"
"BOL.3_1",NA,NA,NA,0,0,0,61,61,61,0,"N"
"BOL.4_1",0,74287739418859257856,0.99954134392086,23.6,12,114,34,1.21428571428571,0,0,"Y"
"BOL.5_1",1.04858564731192e-06,1.13201349906906,0.000523679326381291,2.8,3,13,32,5.2,0,0,"Y"
"BOL.6_1",NA,NA,NA,0,0,0,61,61,61,0,"N"
"BOL.7_1",1.43218770176645e-14,1.33189641946424,0.000771343528738783,6.4,4,31,31,2.1,0,1,"Y"
"BOL.8_1",5.6621374255883e-15,1.37816231221891,0.00142815328614547,33,47,164,32,2.1,0,0,"Y"
"BOL.9_1",8.59312621059871e-14,1.29803571666334,0.000482020365375809,7.2,7,35,34,2.64705882352941,0,1,"Y"
