"state","chsq.prob","odds","pval","cases_yearly","max_cases_monthly","cases_2years","max_gaplength","mean_gaplength","t_since_last_case","t_nocase_prior_lastcase","consecutive_cases_2yr"
"BOL.1_1",0,69817118503594442752,0.999534805033763,13,7,65,36,1.58333333333333,0,0,"Y"
"BOL.2_1",6.01296790136985e-13,1.26113407372863,0.000272649552706085,67,38,335,36,1.95238095238095,0,0,"Y"
"BOL.3_1",NA,NA,NA,0,0,0,61,61,61,0,"N"
"BOL.4_1",0,72367852152958828544,0.999538596594279,22,12,108,35,1.2962962962963,0,0,"Y"
"BOL.5_1",0.00000305179149373558,1.12759309657358,0.00078843487358057,2.6,3,12,33,5.88888888888889,0,0,"Y"
"BOL.6_1",NA,NA,NA,0,0,0,61,61,61,0,"N"
"BOL.7_1",1.94289029309402e-14,1.33174768543448,0.000782575022094709,6.2,4,30,32,2.26315789473684,1,0,"Y"
"BOL.8_1",8.21565038222616e-15,1.37803559118453,0.00144308072866733,23.6,23,117,33,2.26315789473684,0,0,"Y"
"BOL.9_1",1.34225963677181e-13,1.29768188162786,0.000499168528127283,6.6,7,32,35,2.875,1,1,"Y"
