"state","chsq.prob","odds","pval","cases_yearly","max_cases_monthly","cases_2years","max_gaplength","mean_gaplength","t_since_last_case","t_nocase_prior_lastcase","consecutive_cases_2yr"
"BOL.1_1",9.05093788705624e-06,0.918922004069387,0.000254039904018203,18.2,25,45,13,0.9375,13,0,"Y"
"BOL.2_1",1.09783482432624e-05,0.902704155597288,0.00074991909312667,68,98,138,11,0.476190476190476,0,0,"Y"
"BOL.3_1",0.00450723101151773,0.955831429615347,0.00769454332372659,7,8,8,11,1.69565217391304,1,11,"Y"
"BOL.4_1",8.59423643362334e-13,0.702035312743063,0.0029263888415447,21.8,11,21,13,0.631578947368421,13,3,"Y"
"BOL.5_1",1.0589854215759e-07,0.879916963443949,0.000188991277898048,14.4,17,29,11,1,1,11,"Y"
"BOL.6_1",NA,NA,NA,0,0,0,61,61,61,0,"N"
"BOL.7_1",0.00334080459680908,0.953955493851478,0.00616651934717217,7,6,12,13,2.44444444444444,13,0,"Y"
"BOL.8_1",4.0668979295333e-09,0.764927566975574,0.00285222867618518,72.6,88,118,11,0.319148936170213,1,11,"Y"
"BOL.9_1",0.357900603910396,0.986292280802521,0.360964884280506,19.6,29,11,13,1.69565217391304,13,3,"Y"
