"state","chsq.prob","odds","pval","cases_yearly","max_cases_monthly","cases_2years","max_gaplength","mean_gaplength","t_since_last_case","t_nocase_prior_lastcase","consecutive_cases_2yr"
"BOL.1_1",6.6738836679292e-12,8.40788164758602e-21,0.999587259440259,8.4,25,0,52,5.88888888888889,52,0,"N"
"BOL.2_1",0.000000045724442010453,0.81223109247127,0.00194448820437,27.2,98,0,39,5.2,39,0,"N"
"BOL.3_1",0.000103263285578192,0.866846104338664,0.0098404024761617,1.4,4,0,40,11.4,40,11,"N"
"BOL.4_1",0.0000102676916913236,0.845439157688771,0.00597626261410895,3.8,11,0,37,7.85714285714286,37,14,"N"
"BOL.5_1",0.0000113653215196852,0.876341178213403,0.00247760633943018,5.2,17,0,37,7.85714285714286,37,2,"N"
"BOL.6_1",NA,NA,NA,0,0,0,61,61,61,0,"N"
"BOL.7_1",0.000236140918097427,0.772597296113782,0.0488295224619715,2.4,6,0,52,14.5,52,0,"N"
"BOL.8_1",0.000000170577639568847,0.847233391077158,0.00108010105283036,25.8,88,0,36,4.63636363636364,36,3,"N"
"BOL.9_1",0.0000000772889385824982,0.536865805828834,0.0364570490094213,1.8,4,0,52,11.4,52,3,"N"
