"state","chsq.prob","odds","pval","cases_yearly","max_cases_monthly","cases_2years","max_gaplength","mean_gaplength","t_since_last_case","t_nocase_prior_lastcase","consecutive_cases_2yr"
"BOL.1_1",6.6738836679292e-12,118936027622706184192,0.999587259444618,1.4,2,7,54,9.33333333333333,0,0,"Y"
"BOL.2_1",6.6738836679292e-12,118936027622706184192,0.999587259444618,3,7,15,54,7.85714285714286,0,0,"Y"
"BOL.3_1",NA,NA,NA,0,0,0,61,61,61,0,"N"
"BOL.4_1",1.06248343456627e-12,129093336810214162432,0.999594930703174,4,4,20,53,5.88888888888889,0,0,"Y"
"BOL.5_1",0.000628990645977101,1.22635930342149,0.0477134671621572,0.6,2,3,51,19.6666666666667,1,7,"N"
"BOL.6_1",NA,NA,NA,0,0,0,61,61,61,0,"N"
"BOL.7_1",0.0000000239024485759742,1.46460770291451,0.0114852251940198,1,1,5,50,9.33333333333333,0,0,"Y"
"BOL.8_1",0.0000087544707582099,1.29152706502249,0.0176400228087253,0.8,2,4,51,14.5,0,4,"N"
"BOL.9_1",0.00000499654140129202,1.3251985876096,0.018352460918966,0.8,2,4,53,14.5,2,1,"N"
