"state","chsq.prob","odds","pval","cases_yearly","max_cases_monthly","cases_2years","max_gaplength","mean_gaplength","t_since_last_case","t_nocase_prior_lastcase","consecutive_cases_2yr"
"BOL.1_1",0.0265773533367392,0.952999796393487,0.0408217970787512,26,25,52,4,0.476190476190476,2,0,"Y"
"BOL.2_1",0.00244013949030919,0.904024775152691,0.0213368085271752,82.8,98,148,3,0.215686274509804,2,0,"Y"
"BOL.3_1",0.822629058918395,1.00335645818115,0.822694689948849,7.4,8,10,10,1.58333333333333,2,2,"Y"
"BOL.4_1",0.0000320068729079415,0.760598164141849,0.0292788388614727,30.8,11,37,3,0.26530612244898,2,3,"Y"
"BOL.5_1",0.0013082118592026,0.920549241799783,0.00866662516515818,19.4,17,36,3,0.58974358974359,2,3,"Y"
"BOL.6_1",NA,NA,NA,0,0,0,61,61,61,0,"N"
"BOL.7_1",0.0567502965604456,0.970582733209764,0.0643048233314239,11,6,16,6,1.2962962962963,2,0,"Y"
"BOL.8_1",0.0000281715906852442,1.7058855258604e-20,0.999515740521545,134.6,88,130,2,0.087719298245614,2,0,"Y"
"BOL.9_1",0.00618309752826784,1.04501214699393,0.0100102905247351,20.2,29,64,7,1.48,2,3,"Y"
