"state","chsq.prob","odds","pval","cases_yearly","max_cases_monthly","cases_2years","max_gaplength","mean_gaplength","t_since_last_case","t_nocase_prior_lastcase","consecutive_cases_2yr"
"BOL.1_1",0,44659171463224131584,0.999484919961204,7,5,35,43,2.64705882352941,0,0,"Y"
"BOL.2_1",1.04713016035873e-10,1.25239357414,0.000577454929537325,28.4,37,142,43,3.42857142857143,0,0,"Y"
"BOL.3_1",NA,NA,NA,0,0,0,61,61,61,0,"N"
"BOL.4_1",0,48252408106495844352,0.999493924853814,12.2,8,61,42,2.1,0,0,"Y"
"BOL.5_1",0.000244949723510191,1.11886693254632,0.00718223023157809,1.2,2,6,40,11.4,1,5,"N"
"BOL.6_1",NA,NA,NA,0,0,0,61,61,61,0,"N"
"BOL.7_1",1.23756560554966e-12,1.32821742937315,0.0010312035301462,3.4,3,17,39,3.76923076923077,0,0,"Y"
"BOL.8_1",8.94950780150339e-13,1.37471641324163,0.00179881265187342,5.2,5,26,40,4.16666666666667,0,0,"Y"
"BOL.9_1",2.41378028675854e-11,1.290516649588,0.000866182912356414,3,3,15,42,4.63636363636364,0,0,"Y"
