"state","chsq.prob","odds","pval","cases_yearly","max_cases_monthly","cases_2years","max_gaplength","mean_gaplength","t_since_last_case","t_nocase_prior_lastcase","consecutive_cases_2yr"
"BOL.1_1",2.22044604925031e-16,2.07687988257952e+20,0.99963674632706,27,10,97,17,0.441860465116279,0,0,"Y"
"BOL.2_1",1.64019908766022e-11,1.25629724610354,0.000427529921790751,92.6,38,283,17,0.55,0,0,"Y"
"BOL.3_1",0.0199150500500722,1.12049174714698,0.0932244690509231,0.2,1,1,47,30,13,47,"N"
"BOL.4_1",6.66133814775094e-16,1.91573472662411e+20,0.999629961887776,48,17,177,16,0.347826086956522,0,0,"Y"
"BOL.5_1",2.92475932361924e-10,1.15544528712858,3.02651623114332e-05,16.2,8,75,14,1.2962962962963,1,0,"Y"
"BOL.6_1",NA,NA,NA,0,0,0,61,61,61,0,"N"
"BOL.7_1",8.0851991768327e-12,1.32540246874913,0.00123352948108269,13.6,6,49,13,0.722222222222222,0,0,"Y"
"BOL.8_1",8.94950780150339e-13,1.37471641324163,0.00179881265187338,184.8,87,892,14,0.631578947368421,0,0,"Y"
"BOL.9_1",0.0568503562512951,1.02964475596618,0.0639968950206503,8.2,7,24,16,1.95238095238095,1,4,"Y"
