"state","chsq.prob","odds","pval","cases_yearly","max_cases_monthly","cases_2years","max_gaplength","mean_gaplength","t_since_last_case","t_nocase_prior_lastcase","consecutive_cases_2yr"
"BOL.1_1",1.09859406460799e-07,0.90036600511588,4.71377519983633e-05,12.2,25,0,27,1.95238095238095,27,0,"N"
"BOL.2_1",4.54463400245686e-09,0.883358143740784,2.85493698636094e-05,39.8,98,4,14,1.21428571428571,14,0,"Y"
"BOL.3_1",8.42586185934024e-07,0.907065982994473,0.000107378727278992,5,8,1,15,2.875,15,11,"N"
"BOL.4_1",3.15780734894133e-12,0.828271388510707,7.32224127071681e-05,14,11,1,14,1.2962962962963,12,14,"N"
"BOL.5_1",3.60877921989911e-08,0.895768998022935,3.4150583165702e-05,11.4,17,3,12,1.69565217391304,12,2,"N"
"BOL.6_1",NA,NA,NA,0,0,0,61,61,61,0,"N"
"BOL.7_1",9.96445492784659e-09,0.873913155849013,8.41092089862167e-05,5.4,6,0,27,3.42857142857143,27,0,"N"
"BOL.8_1",1.17978959934817e-11,0.827899425772897,0.000104134757541254,46.8,88,28,11,0.823529411764706,11,3,"N"
"BOL.9_1",1.81549761890665e-08,0.890953038288207,3.35236706232525e-05,19.2,29,0,27,1.95238095238095,27,3,"N"
