"state","chsq.prob","odds","pval","cases_yearly","max_cases_monthly","cases_2years","max_gaplength","mean_gaplength","t_since_last_case","t_nocase_prior_lastcase","consecutive_cases_2yr"
"BOL.1_1",0.00237137536078746,0.888073533663425,0.0302647506254636,30.4,11,32,4,0.26530612244898,0,0,"Y"
"BOL.2_1",0.050519855666546,0.733091351993047,0.31909947652246,117.6,38,156,2,0.0508474576271186,0,0,"Y"
"BOL.3_1",1.48561419965887e-06,1.09315444804852,9.074027006036e-05,6.2,8,25,15,1.95238095238095,3,0,"Y"
"BOL.4_1",NA,NA,NA,55.8,17,70,1,0.0508474576271186,0,0,"Y"
"BOL.5_1",0.00571710134525671,1.12902442623114,0.0513370433837249,23.8,8,33,4,0.319148936170213,0,0,"Y"
"BOL.6_1",NA,NA,NA,0,0,0,61,61,61,0,"N"
"BOL.7_1",0.00887508682189231,0.949482635276832,0.0167158692118121,15,6,18,6,0.631578947368421,5,1,"Y"
"BOL.8_1",NA,NA,NA,233.6,87,165,1,0.0333333333333333,0,0,"Y"
"BOL.9_1",0.747265407008503,0.995179194313144,0.747455002159246,16.2,29,51,7,1.58333333333333,0,0,"Y"
