"state","chsq.prob","odds","pval","cases_yearly","max_cases_monthly","cases_2years","max_gaplength","mean_gaplength","t_since_last_case","t_nocase_prior_lastcase","consecutive_cases_2yr"
"BOL.1_1",7.53828111044186e-11,0.695559172519389,0.00466423027404765,9,25,0,47,4.63636363636364,47,0,"N"
"BOL.2_1",3.5395938402516e-09,0.833432748584854,0.000441354769733399,27.6,98,0,34,4.16666666666667,34,0,"N"
"BOL.3_1",8.59995335708019e-05,0.890656558972817,0.00437486392613315,1.6,4,0,35,9.33333333333333,35,11,"N"
"BOL.4_1",2.02222900202997e-07,0.849380239059447,0.00107010054406487,4.8,11,0,32,5.88888888888889,32,14,"N"
"BOL.5_1",7.9895400253438e-06,0.895332335473819,0.000900874806789366,6.2,17,0,32,5.88888888888889,32,2,"N"
"BOL.6_1",NA,NA,NA,0,0,0,61,61,61,0,"N"
"BOL.7_1",0.00137576902529613,0.87642963483099,0.0286170889593178,2.4,6,0,47,14.5,47,0,"N"
"BOL.8_1",7.22409798648016e-10,0.833829559408783,0.000258225038181793,28.2,88,0,31,3.13333333333333,31,3,"N"
"BOL.9_1",7.22655268958761e-12,0.525544865418607,0.0249453015987871,2.6,4,0,47,6.75,47,3,"N"
