"state","chsq.prob","odds","pval","cases_yearly","max_cases_monthly","cases_2years","max_gaplength","mean_gaplength","t_since_last_case","t_nocase_prior_lastcase","consecutive_cases_2yr"
"BOL.1_1",2.68699550055596e-05,0.922084998233671,0.000469814924542704,18.8,25,45,11,0.878787878787879,11,0,"Y"
"BOL.2_1",3.58267184918937e-07,0.873649623972054,0.00049214880003484,68.6,98,134,11,0.476190476190476,11,0,"Y"
"BOL.3_1",0.00106569771164011,0.948043973812272,0.00268397469026854,7.4,8,7,11,1.58333333333333,11,2,"Y"
"BOL.4_1",8.00348676222029e-12,0.703572295314268,0.00334830124668056,22.8,11,25,11,0.55,11,3,"Y"
"BOL.5_1",2.32570808011978e-06,0.902301462626456,0.000285946600316911,14.6,17,31,11,1,11,3,"Y"
"BOL.6_1",NA,NA,NA,0,0,0,61,61,61,0,"N"
"BOL.7_1",0.0372125789453115,0.968218203037034,0.04400194157916,7,6,13,11,2.44444444444444,11,0,"Y"
"BOL.8_1",7.1883743402168e-10,0.674116899557316,0.00781498228851619,76.6,88,114,11,0.291666666666667,11,0,"Y"
"BOL.9_1",0.994048840660367,1.00011127186456,0.994048842752623,19.6,29,16,11,1.69565217391304,11,3,"Y"
