"state","chsq.prob","odds","pval","cases_yearly","max_cases_monthly","cases_2years","max_gaplength","mean_gaplength","t_since_last_case","t_nocase_prior_lastcase","consecutive_cases_2yr"
"BOL.1_1",0,59625159152809943040,0.999517760573227,10.4,6,52,39,1.95238095238095,0,0,"Y"
"BOL.2_1",3.50164341966774e-12,1.25886066604737,0.000341727055003947,56.2,38,281,39,2.44444444444444,0,0,"Y"
"BOL.3_1",NA,NA,NA,0,0,0,61,61,61,0,"N"
"BOL.4_1",0,63313300141147103232,0.999524315053313,18.4,12,92,38,1.58333333333333,0,0,"Y"
"BOL.5_1",0.000104758686481077,1.10986683146675,0.00333003723444398,1.8,3,9,36,9.33333333333333,0,4,"N"
"BOL.6_1",NA,NA,NA,0,0,0,61,61,61,0,"N"
"BOL.7_1",7.4273920347423e-14,1.33093978269994,0.00084134354106181,5.6,4,27,35,2.64705882352941,0,0,"Y"
"BOL.8_1",3.9190872769268e-14,1.37732788080845,0.00152642736707563,11.8,12,59,36,2.875,0,0,"Y"
"BOL.9_1",7.87592213669086e-13,1.29592144152361,0.000584482298082643,6.4,7,32,38,3.13333333333333,0,0,"Y"
