"state","chsq.prob","odds","pval","cases_yearly","max_cases_monthly","cases_2years","max_gaplength","mean_gaplength","t_since_last_case","t_nocase_prior_lastcase","consecutive_cases_2yr"
"BOL.1_1",1.09264897130146e-09,0.818595164389327,0.000533140662858154,9.8,25,0,42,3.42857142857143,42,0,"N"
"BOL.2_1",2.73735201172798e-08,0.873755960162718,0.000138736502764836,29.2,98,0,29,3.13333333333333,29,0,"N"
"BOL.3_1",0.00612262254538321,0.935967936101938,0.0173897858256011,1.6,4,0,30,9.33333333333333,30,11,"N"
"BOL.4_1",8.69264771274914e-10,0.835863076710081,0.000250581970186018,5.8,11,0,27,4.16666666666667,27,14,"N"
"BOL.5_1",1.17464245351639e-05,0.910258546023163,0.000516893544142396,7,17,0,27,4.63636363636364,27,2,"N"
"BOL.6_1",NA,NA,NA,0,0,0,61,61,61,0,"N"
"BOL.7_1",4.95454111903992e-06,0.851761604415854,0.00373878205646492,2.8,6,0,42,9.33333333333333,42,0,"N"
"BOL.8_1",1.96023197673867e-11,0.828482654838731,0.000115517026346069,30.2,88,0,26,2.1,26,3,"N"
"BOL.9_1",1.29896093881143e-14,0.52488890015182,0.0239614933072628,10.4,11,0,42,3.76923076923077,42,3,"N"
