"state","chsq.prob","odds","pval","cases_yearly","max_cases_monthly","cases_2years","max_gaplength","mean_gaplength","t_since_last_case","t_nocase_prior_lastcase","consecutive_cases_2yr"
"BOL.1_1",0.0263854689751102,0.947452370098892,0.0448324576090015,21.8,11,25,4,0.409090909090909,0,0,"Y"
"BOL.2_1",0.0107112412073872,0.900926923771864,0.056700754885975,66.2,18,64,3,0.169811320754717,0,0,"Y"
"BOL.3_1",0.432819033068793,1.01182469182393,0.434950208908381,6.6,8,17,13,1.69565217391304,0,6,"Y"
"BOL.4_1",0.136898308276477,0.871193230197854,0.322253695322828,37,10,47,2,0.148148148148148,0,0,"Y"
"BOL.5_1",0.0628732631525505,0.945251699003454,0.0967618046007098,23,8,33,3,0.409090909090909,0,1,"Y"
"BOL.6_1",NA,NA,NA,0,0,0,61,61,61,0,"N"
"BOL.7_1",0.00752527538313508,0.956440127656158,0.0121465118569165,10.4,6,11,6,1.13793103448276,3,5,"Y"
"BOL.8_1",NA,NA,NA,180.4,87,77,1,0.0508474576271186,0,0,"Y"
"BOL.9_1",2.12620877697578e-05,1.07849533282164,0.000287784108922236,19.6,29,91,7,1.48,0,0,"Y"
