"state","chsq.prob","odds","pval","cases_yearly","max_cases_monthly","cases_2years","max_gaplength","mean_gaplength","t_since_last_case","t_nocase_prior_lastcase","consecutive_cases_2yr"
"BOL.1_1",4.87269113946809e-11,9.16180466051891e-21,0.999579072833719,8,25,0,53,6.75,53,0,"N"
"BOL.2_1",0.000000199743049100753,0.81731863165018,0.00273942787751738,26.4,98,0,40,5.88888888888889,40,0,"N"
"BOL.3_1",0.0000328871178617574,0.845323709795737,0.00968828590801742,1.4,4,0,41,11.4,41,11,"N"
"BOL.4_1",0.0000548930658792468,0.855332697905109,0.00968793295947288,3.6,11,0,38,9.33333333333333,38,14,"N"
"BOL.5_1",0.0000456032193851819,0.882847121609019,0.00405389055807807,4.8,17,0,38,9.33333333333333,38,2,"N"
"BOL.6_1",NA,NA,NA,0,0,0,61,61,61,0,"N"
"BOL.7_1",0.00254688908909106,0.807825301510323,0.0853280923230141,2.2,6,0,53,19.6666666666667,53,0,"N"
"BOL.8_1",0.000000638062037872089,0.851748009776362,0.00157795683443443,25.6,88,0,37,5.2,37,3,"N"
"BOL.9_1",0.000000802005838629327,0.546366607471693,0.0452078575618501,1.4,4,0,53,14.5,53,3,"N"
