"state","chsq.prob","odds","pval","cases_yearly","max_cases_monthly","cases_2years","max_gaplength","mean_gaplength","t_since_last_case","t_nocase_prior_lastcase","consecutive_cases_2yr"
"BOL.1_1",1.07222614020852e-06,0.913502625166296,7.90621198177665e-05,13.4,25,37,20,1.48,20,0,"Y"
"BOL.2_1",4.9907940891103e-08,0.888010637759219,7.42684175349626e-05,54.6,98,126,11,0.771428571428571,7,0,"Y"
"BOL.3_1",2.25847632159271e-05,0.928453263721635,0.000279482289137198,6.4,8,7,11,2.1,8,11,"Y"
"BOL.4_1",4.22510915143448e-11,0.831152247709392,0.000124701927358098,18,11,15,14,0.823529411764706,5,14,"N"
"BOL.5_1",2.38362322768637e-07,0.899757924770275,8.04058879520652e-05,13.2,17,21,11,1.21428571428571,5,2,"N"
"BOL.6_1",NA,NA,NA,0,0,0,61,61,61,0,"N"
"BOL.7_1",3.0032119135992e-07,0.905001688735769,6.30125190755612e-05,6.4,6,11,20,2.64705882352941,20,0,"Y"
"BOL.8_1",1.85198867352909e-09,0.835625047400373,0.000325412562261281,55.4,88,123,11,0.51219512195122,4,3,"Y"
"BOL.9_1",0.00140652804283725,0.949593261471149,0.00324863378447395,19.4,29,6,20,1.81818181818182,20,3,"N"
