"state","chsq.prob","odds","pval","cases_yearly","max_cases_monthly","cases_2years","max_gaplength","mean_gaplength","t_since_last_case","t_nocase_prior_lastcase","consecutive_cases_2yr"
"BOL.1_1",1.43422872467269e-08,0.884362024797834,4.88252407170629e-05,12,25,0,31,2.1,31,0,"N"
"BOL.2_1",4.54463400245686e-09,0.883358143740784,2.85493698636087e-05,37.2,98,4,18,1.58333333333333,18,0,"Y"
"BOL.3_1",8.40693348014288e-06,0.913212565928656,0.000344690055712202,4.6,8,1,19,3.42857142857143,19,11,"N"
"BOL.4_1",3.15780734894133e-12,0.828271388510707,7.32224127071675e-05,11.8,11,1,16,1.69565217391304,16,14,"N"
"BOL.5_1",4.58878012254971e-08,0.89624301230199,3.80304548868984e-05,10.6,17,3,16,2.1,16,2,"N"
"BOL.6_1",NA,NA,NA,0,0,0,61,61,61,0,"N"
"BOL.7_1",2.21936051092442e-07,0.881099924155895,0.000259578579251339,4.4,6,0,31,4.63636363636364,31,0,"N"
"BOL.8_1",3.07598391202646e-12,0.826528226407818,8.00706240996e-05,39.8,88,28,15,1.06666666666667,15,3,"N"
"BOL.9_1",1.61506363838271e-11,0.837772670955307,6.61191072386393e-05,19,29,0,31,2.1,31,3,"N"
