"state","chsq.prob","odds","pval","cases_yearly","max_cases_monthly","cases_2years","max_gaplength","mean_gaplength","t_since_last_case","t_nocase_prior_lastcase","consecutive_cases_2yr"
"BOL.1_1",0,55815578354144747520,0.999510446499092,21.2,7,88,24,0.722222222222222,0,0,"Y"
"BOL.2_1",2.65121258280487e-13,1.26198363525791,0.000248166776811313,79.6,38,379,24,0.878787878787879,0,0,"Y"
"BOL.3_1",0.0279381244907601,1.16688821017463,0.159962993850209,0.2,1,1,54,30,6,54,"N"
"BOL.4_1",0,51994450284802564096,0.999502467861123,43,17,181,23,0.58974358974359,0,0,"Y"
"BOL.5_1",5.75554826021119e-10,1.15408081417462,0.0000375942620171879,13.4,8,63,21,1.95238095238095,0,0,"Y"
"BOL.6_1",NA,NA,NA,0,0,0,61,61,61,0,"N"
"BOL.7_1",4.41868763800812e-14,1.33128397644525,0.000816657644874474,10,4,42,20,1.13793103448276,0,0,"Y"
"BOL.8_1",8.21565038222616e-15,1.37803559118453,0.00144308072866733,142,87,702,21,1,0,0,"Y"
"BOL.9_1",0.000163764316936765,1.06548267538425,0.000803103460571708,7.6,7,30,23,2.26315789473684,4,5,"Y"
