"state","chsq.prob","odds","pval","cases_yearly","max_cases_monthly","cases_2years","max_gaplength","mean_gaplength","t_since_last_case","t_nocase_prior_lastcase","consecutive_cases_2yr"
"BOL.1_1",0.0000000705826594948888,0.887684418911117,0.0000921903225669126,11.6,25,0,34,2.44444444444444,34,0,"N"
"BOL.2_1",0.00000000873548011703917,0.884533551665657,0.0000369160922065366,35.6,98,4,21,1.95238095238095,21,0,"Y"
"BOL.3_1",0.0000814874575033597,0.920601507127506,0.00115952148638812,4.2,8,1,22,4.16666666666667,22,11,"N"
"BOL.4_1",6.37390140667549e-12,0.828959487923041,0.0000840467221084494,10.2,11,1,19,2.1,19,14,"N"
"BOL.5_1",0.000000103135266660281,0.897911413702366,0.0000548168832510586,9.6,17,3,19,2.64705882352941,19,2,"N"
"BOL.6_1",NA,NA,NA,0,0,0,61,61,61,0,"N"
"BOL.7_1",0.00000441765934877658,0.890161811083595,0.000824521650500444,3.6,6,0,34,6.75,34,0,"N"
"BOL.8_1",2.27762253501851e-12,0.826254036791975,0.0000756837547342965,36.8,88,28,18,1.2962962962963,18,3,"N"
"BOL.9_1",1.74416037168612e-13,0.774807963653348,0.000446707868898164,18.8,29,0,34,2.26315789473684,34,3,"N"
