"state","chsq.prob","odds","pval","cases_yearly","max_cases_monthly","cases_2years","max_gaplength","mean_gaplength","t_since_last_case","t_nocase_prior_lastcase","consecutive_cases_2yr"
"BOL.1_1",4.87269113946809e-11,109148795786163437568,0.999579072829599,32,11,85,9,0.24,0,0,"Y"
"BOL.2_1",0.000000199743049100753,1.22351303552322,0.00273942787751735,105.6,38,180,9,0.291666666666667,0,0,"Y"
"BOL.3_1",0.00000295408043704537,1.18554873089484,0.00378544104921803,1.4,2,7,39,7.85714285714286,0,0,"Y"
"BOL.4_1",4.21649604120944e-10,99586948620789055488,0.999570165635734,52.4,17,128,8,0.192307692307692,0,0,"Y"
"BOL.5_1",0.000000228473181373978,1.11407263335251,0.0000914874377632329,18.2,8,73,7,0.9375,0,1,"Y"
"BOL.6_1",NA,NA,NA,0,0,0,61,61,61,0,"N"
"BOL.7_1",0.525110565410663,1.01131633865778,0.527034565518641,14.2,6,36,6,0.675675675675676,1,6,"Y"
"BOL.8_1",0.0000000310428615035718,1.34161719462167,0.00597261872662412,207.2,87,844,6,0.347826086956522,0,0,"Y"
"BOL.9_1",0.296347115622115,0.984344578973385,0.300376671401036,8.4,7,5,8,1.81818181818182,3,5,"N"
