"state","chsq.prob","odds","pval","cases_yearly","max_cases_monthly","cases_2years","max_gaplength","mean_gaplength","t_since_last_case","t_nocase_prior_lastcase","consecutive_cases_2yr"
"BOL.1_1",2.61579359017716e-06,0.91565315456524,0.000127983477936767,17.2,25,42,16,1.13793103448276,16,0,"Y"
"BOL.2_1",7.64540701303495e-07,0.894603273683463,0.000231630474027531,64,98,136,11,0.58974358974359,3,0,"Y"
"BOL.3_1",0.000130030093244304,0.937576951958954,0.00069449127996864,6.8,8,7,11,1.81818181818182,4,11,"Y"
"BOL.4_1",8.69264771274914e-10,0.835863076710081,0.00025058197018602,20.4,11,19,14,0.675675675675676,1,14,"Y"
"BOL.5_1",2.56342489379779e-06,0.905743980006987,0.000245612582060825,14.4,17,28,11,1.06666666666667,1,2,"Y"
"BOL.6_1",NA,NA,NA,0,0,0,61,61,61,0,"N"
"BOL.7_1",1.78394941254822e-05,0.927281040651145,0.000249604688758701,7,6,12,16,2.44444444444444,16,0,"Y"
"BOL.8_1",1.70577639568847e-07,0.847233391077158,0.00108010105283037,70.2,88,131,11,0.377777777777778,0,3,"Y"
"BOL.9_1",0.165575628414268,0.979230051656994,0.171792567245561,19.4,29,9,16,1.81818181818182,16,3,"Y"
