"state","chsq.prob","odds","pval","cases_yearly","max_cases_monthly","cases_2years","max_gaplength","mean_gaplength","t_since_last_case","t_nocase_prior_lastcase","consecutive_cases_2yr"
"BOL.1_1",3.99680288865056e-14,151180404942766899200,0.999609326403149,28.4,10,88,13,0.347826086956522,0,0,"Y"
"BOL.2_1",9.23854215351128e-10,1.24644881260267,0.000857953502017535,96.6,38,169,13,0.409090909090909,0,0,"Y"
"BOL.3_1",0.000164030976359308,1.17072281128224,0.0161056620198545,1,2,5,43,11.4,1,0,"Y"
"BOL.4_1",1.9373391779709e-13,139781032337421254656,0.99960224460878,49.6,17,146,12,0.26530612244898,0,1,"Y"
"BOL.5_1",0.0000000419882375535252,1.11863419971034,0.0000432182763650917,16.8,8,74,10,1.13793103448276,0,2,"Y"
"BOL.6_1",NA,NA,NA,0,0,0,61,61,61,0,"N"
"BOL.7_1",0.00696982714698391,1.05052171709206,0.0126957457631602,13.6,6,39,9,0.722222222222222,4,0,"Y"
"BOL.8_1",7.7203132775594e-11,1.36667522038162,0.00263452659421301,193.2,87,890,10,0.476190476190476,0,0,"Y"
"BOL.9_1",0.632341851738395,1.00718703179084,0.632926456637985,8.2,7,9,12,1.95238095238095,5,4,"Y"
