"state","chsq.prob","odds","pval","cases_yearly","max_cases_monthly","cases_2years","max_gaplength","mean_gaplength","t_since_last_case","t_nocase_prior_lastcase","consecutive_cases_2yr"
"BOL.1_1",0.0000014992523178492,0.914292760597355,0.0000946785548922964,12.2,25,0,26,1.95238095238095,26,0,"N"
"BOL.2_1",0.00000000530951393962198,0.883631959246874,0.000030343102026755,41.4,98,4,13,1.13793103448276,13,0,"Y"
"BOL.3_1",0.000000544944587788088,0.90602761103652,0.0000865703823703627,5.4,8,1,14,2.64705882352941,14,11,"N"
"BOL.4_1",3.73134856346269e-12,0.828429101387659,0.0000756280756005886,14.8,11,1,14,1.21428571428571,11,14,"N"
"BOL.5_1",0.0000000394904843270538,0.8959456862613,0.0000355554571579922,12,17,3,11,1.58333333333333,11,2,"N"
"BOL.6_1",NA,NA,NA,0,0,0,61,61,61,0,"N"
"BOL.7_1",0.00000000539607447613832,0.872714134351182,0.0000678527488423344,5.6,6,0,26,3.13333333333333,26,0,"N"
"BOL.8_1",1.96023197673867e-11,0.828482654838731,0.00011551702634607,47.2,88,28,11,0.771428571428571,10,3,"N"
"BOL.9_1",0.00000034858910469282,0.9072592294958,0.0000584166718765729,19.2,29,0,26,1.95238095238095,26,3,"N"
