"state","chsq.prob","odds","pval","cases_yearly","max_cases_monthly","cases_2years","max_gaplength","mean_gaplength","t_since_last_case","t_nocase_prior_lastcase","consecutive_cases_2yr"
"BOL.1_1",2.29206327251319e-08,0.88529284484511,5.87612201851671e-05,11.8,25,0,32,2.26315789473684,32,0,"N"
"BOL.2_1",5.30951393962198e-09,0.883631959246874,3.03431020267553e-05,37,98,4,19,1.69565217391304,19,0,"Y"
"BOL.3_1",1.70725412854678e-05,0.915359578249871,0.000499399676306999,4.4,8,1,20,3.76923076923077,20,11,"N"
"BOL.4_1",3.73134856346269e-12,0.828429101387659,7.56280756005884e-05,11.2,11,1,17,1.81818181818182,17,14,"N"
"BOL.5_1",5.66172736471415e-08,0.896665301440181,4.17966178788153e-05,10.2,17,3,17,2.26315789473684,17,2,"N"
"BOL.6_1",NA,NA,NA,0,0,0,61,61,61,0,"N"
"BOL.7_1",5.65848644717981e-07,0.883683614990168,0.000369716724981394,4.2,6,0,32,5.2,32,0,"N"
"BOL.8_1",2.60280685893122e-12,0.82637441998921,7.75932078392468e-05,38.2,88,28,16,1.13793103448276,16,3,"N"
"BOL.9_1",7.67164110015983e-14,0.774408428929974,0.000417288168624327,19,29,0,32,2.1,32,3,"N"
