"state","chsq.prob","odds","pval","cases_yearly","max_cases_monthly","cases_2years","max_gaplength","mean_gaplength","t_since_last_case","t_nocase_prior_lastcase","consecutive_cases_2yr"
"BOL.1_1",0,2.65477932776633e+20,0.999656608809835,23.8,7,90,20,0.55,0,0,"Y"
"BOL.2_1",1.81010761934886e-12,1.25978787662606,0.000312842748817033,86.2,38,352,20,0.675675675675676,0,0,"Y"
"BOL.3_1",0.0873144294508117,1.09772612436952,0.186158002547629,0.2,1,1,50,30,10,50,"N"
"BOL.4_1",0,2.44613168806107e+20,0.999650110677884,47,17,187,19,0.441860465116279,0,0,"Y"
"BOL.5_1",2.65554689349301e-10,1.15563295921395,2.93506731835844e-05,15.6,8,74,17,1.48,0,0,"Y"
"BOL.6_1",NA,NA,NA,0,0,0,61,61,61,0,"N"
"BOL.7_1",5.46229728115577e-13,1.32917399996001,0.000964753788258803,12.2,6,47,16,0.878787878787879,0,0,"Y"
"BOL.8_1",7.63833440942108e-14,1.3769205920035,0.00157056928173636,174,87,851,17,0.771428571428571,0,0,"Y"
"BOL.9_1",0.0171373970664754,1.03787203657149,0.0225600083701057,8,7,28,19,2.1,3,4,"Y"
