"state","chsq.prob","odds","pval","cases_yearly","max_cases_monthly","cases_2years","max_gaplength","mean_gaplength","t_since_last_case","t_nocase_prior_lastcase","consecutive_cases_2yr"
"BOL.1_1",0.00318220963623628,0.663250338741685,0.161936990083154,33.2,11,61,3,0.148148148148148,0,3,"Y"
"BOL.2_1",0.00825062186840575,1.16061830135677,0.0862435970564821,122.8,38,216,4,0.107142857142857,0,0,"Y"
"BOL.3_1",0.0000000170506734287201,1.15627972214614,0.00018643231283984,3,2,14,28,4.16666666666667,1,1,"Y"
"BOL.4_1",NA,NA,NA,56.4,17,70,1,0.0508474576271186,0,0,"Y"
"BOL.5_1",0.00000833618435702732,1.12394520681597,0.0012080430979206,20.2,8,32,5,0.631578947368421,0,0,"Y"
"BOL.6_1",NA,NA,NA,0,0,0,61,61,61,0,"N"
"BOL.7_1",0.00892045742612446,0.942887761342399,0.0197700952927582,15.8,6,30,6,0.51219512195122,0,0,"Y"
"BOL.8_1",0.0000281715906852442,58620578358346506240,0.99951574051751,224.2,87,365,4,0.127272727272727,0,0,"Y"
"BOL.9_1",0.00230926953194521,0.951956604097227,0.00468745283619913,8.4,7,4,7,1.81818181818182,0,5,"N"
