"state","chsq.prob","odds","pval","cases_yearly","max_cases_monthly","cases_2years","max_gaplength","mean_gaplength","t_since_last_case","t_nocase_prior_lastcase","consecutive_cases_2yr"
"BOL.1_1",1.06248343456627e-12,1.29093340734039e+20,0.999594930705834,29,10,80,11,0.291666666666667,0,0,"Y"
"BOL.2_1",1.14208501544866e-08,1.2373767787577,0.00143168186225286,100,38,165,11,0.347826086956522,0,0,"Y"
"BOL.3_1",7.57999787770469e-05,1.16100659006109,0.00974204890181846,1,2,5,41,11.4,3,0,"Y"
"BOL.4_1",6.6738836679292e-12,1.18936031062822e+20,0.999587259447123,50.6,17,143,10,0.24,1,0,"Y"
"BOL.5_1",8.68624847605304e-08,1.11675019897574,5.94775119491857e-05,18,8,77,8,1,0,0,"Y"
"BOL.6_1",NA,NA,NA,0,0,0,61,61,61,0,"N"
"BOL.7_1",0.0898332977565615,1.03061306567955,0.100390201492666,13.6,6,37,7,0.722222222222222,6,0,"Y"
"BOL.8_1",1.25735277745065e-09,1.35763952156611,0.00368791168319212,201.4,87,889,8,0.409090909090909,0,0,"Y"
"BOL.9_1",0.958173786370459,0.999214434422664,0.958174436942322,8.4,7,9,10,1.81818181818182,1,5,"Y"
