"state","chsq.prob","odds","pval","cases_yearly","max_cases_monthly","cases_2years","max_gaplength","mean_gaplength","t_since_last_case","t_nocase_prior_lastcase","consecutive_cases_2yr"
"BOL.1_1",0.0000010567718176091,70185232837350105088,0.999534662947281,33,11,74,5,0.169811320754717,1,0,"Y"
"BOL.2_1",0.000164030976359308,1.17072281128224,0.0161056620198543,115.6,38,205,5,0.192307692307692,0,0,"Y"
"BOL.3_1",0.0000367191455834526,1.12377905539505,0.00278248137676942,1.4,2,6,35,7.85714285714286,4,0,"Y"
"BOL.4_1",0.0000281715906852442,58620578358346506240,0.99951574051751,54,17,94,4,0.107142857142857,0,0,"Y"
"BOL.5_1",0.00000319532581993798,1.10565768882949,0.000307619443811701,18.6,8,58,7,0.823529411764706,0,1,"Y"
"BOL.6_1",NA,NA,NA,0,0,0,61,61,61,0,"N"
"BOL.7_1",0.279331902455644,0.980334704054906,0.286297809359621,14.4,6,29,6,0.631578947368421,0,4,"Y"
"BOL.8_1",0.0000711626374135799,1.26310812015294,0.0282260540043186,215,87,600,4,0.24,0,0,"Y"
"BOL.9_1",0.00841620356768813,0.958945591097811,0.0126927142027807,8.4,7,5,7,1.81818181818182,7,5,"N"
