"state","chsq.prob","odds","pval","cases_yearly","max_cases_monthly","cases_2years","max_gaplength","mean_gaplength","t_since_last_case","t_nocase_prior_lastcase","consecutive_cases_2yr"
"PER.1_1",0.192606997889447,0.939434702015415,0.25756432033944,0.2,1,0,44,30,44,16,"N"
"PER.2_1",NA,NA,NA,0,0,0,61,61,61,0,"N"
"PER.3_1",NA,NA,NA,0,0,0,61,61,61,0,"N"
"PER.4_1",NA,NA,NA,0,0,0,61,61,61,0,"N"
"PER.5_1",NA,NA,NA,0,0,0,61,61,61,0,"N"
"PER.6_1",NA,NA,NA,0,0,0,61,61,61,0,"N"
"PER.7_1",0.227013116294173,0.944924736979256,0.283564216352574,0.2,1,0,43,30,43,17,"N"
"PER.8_1",NA,NA,NA,0,0,0,61,61,61,0,"N"
"PER.9_1",NA,NA,NA,0,0,0,61,61,61,0,"N"
"PER.10_1",NA,NA,NA,0,0,0,61,61,61,0,"N"
"PER.11_1",NA,NA,NA,0,0,0,61,61,61,0,"N"
"PER.12_1",NA,NA,NA,0,0,0,61,61,61,0,"N"
"PER.13_1",0.0390559081512392,0.875153093947178,0.162940192211705,0.4,2,0,51,30,51,9,"N"
"PER.14_1",NA,NA,NA,0,0,0,61,61,61,0,"N"
"PER.16_1",0.107993051852268,0.973552721297578,0.1168858670015,2.4,3,2,22,5.2,22,1,"N"
"PER.15_1",NA,NA,NA,0,0,0,61,61,61,0,"N"
"PER.17_1",NA,NA,NA,0,0,0,61,61,61,0,"N"
"PER.18_1",NA,NA,NA,0,0,0,61,61,61,0,"N"
"PER.19_1",NA,NA,NA,0,0,0,61,61,61,0,"N"
"PER.20_1",NA,NA,NA,0,0,0,61,61,61,0,"N"
"PER.21_1",0.448120293418032,0.967587165480422,0.468171109014631,0.2,1,0,38,30,38,22,"N"
"PER.22_1",0.00012948950059255,0.935187565032125,0.000784003406080078,5.4,5,4,21,2.875,21,0,"Y"
"PER.23_1",NA,NA,NA,0,0,0,61,61,61,0,"N"
"PER.24_1",NA,NA,NA,0,0,0,61,61,61,0,"N"
"PER.25_1",NA,NA,NA,0,0,0,61,61,61,0,"N"
"PER.26_1",NA,NA,NA,0,0,0,61,61,61,0,"N"
