"state","chsq.prob","odds","pval","cases_yearly","max_cases_monthly","cases_2years","max_gaplength","mean_gaplength","t_since_last_case","t_nocase_prior_lastcase","consecutive_cases_2yr"
"PER.1_1",0.133657634244644,1.07894647470375,0.215604238657923,0.2,1,1,48,30,12,48,"N"
"PER.2_1",NA,NA,NA,0,0,0,61,61,61,0,"N"
"PER.3_1",0.676599636424592,0.982600728944803,0.680602924600695,0.2,1,0,34,30,34,26,"N"
"PER.4_1",NA,NA,NA,0,0,0,61,61,61,0,"N"
"PER.5_1",NA,NA,NA,0,0,0,61,61,61,0,"N"
"PER.6_1",0.933794788370275,1.0034575835546,0.933828984338662,0.4,2,0,32,30,28,32,"N"
"PER.7_1",0.10896621740739,1.08764391565265,0.199344595078157,0.2,1,1,49,30,11,49,"N"
"PER.8_1",NA,NA,NA,0,0,0,61,61,61,0,"N"
"PER.9_1",NA,NA,NA,0,0,0,61,61,61,0,"N"
"PER.10_1",NA,NA,NA,0,0,0,61,61,61,0,"N"
"PER.11_1",NA,NA,NA,0,0,0,61,61,61,0,"N"
"PER.12_1",NA,NA,NA,0,0,0,61,61,61,0,"N"
"PER.13_1",0.764798587849004,1.0090117877352,0.765567611121905,0.6,2,2,26,19.6666666666667,19,14,"N"
"PER.14_1",NA,NA,NA,0,0,0,61,61,61,0,"N"
"PER.16_1",0.0000149297856079089,1.13688613226287,0.00252720257811805,1.4,3,7,42,9.33333333333333,0,6,"N"
"PER.15_1",NA,NA,NA,0,0,0,61,61,61,0,"N"
"PER.17_1",NA,NA,NA,0,0,0,61,61,61,0,"N"
"PER.18_1",NA,NA,NA,0,0,0,61,61,61,0,"N"
"PER.19_1",NA,NA,NA,0,0,0,61,61,61,0,"N"
"PER.20_1",NA,NA,NA,0,0,0,61,61,61,0,"N"
"PER.21_1",0.0279381244907601,1.16688821017463,0.159962993850209,0.2,1,1,54,30,6,54,"N"
"PER.22_1",0.0000355623281281803,1.08460379505276,0.000582545955892356,4.4,5,18,32,4.16666666666667,0,8,"Y"
"PER.23_1",NA,NA,NA,0,0,0,61,61,61,0,"N"
"PER.24_1",NA,NA,NA,0,0,0,61,61,61,0,"N"
"PER.25_1",NA,NA,NA,0,0,0,61,61,61,0,"N"
"PER.26_1",NA,NA,NA,0,0,0,61,61,61,0,"N"
