"state","chsq.prob","odds","pval","cases_yearly","max_cases_monthly","cases_2years","max_gaplength","mean_gaplength","t_since_last_case","t_nocase_prior_lastcase","consecutive_cases_2yr"
"PER.1_1",0.0119963401792401,0.799213634884844,0.158948600718813,0.2,1,0,54,30,54,6,"N"
"PER.2_1",NA,NA,NA,0,0,0,61,61,61,0,"N"
"PER.3_1",NA,NA,NA,0,0,0,61,61,61,0,"N"
"PER.4_1",NA,NA,NA,0,0,0,61,61,61,0,"N"
"PER.5_1",NA,NA,NA,0,0,0,61,61,61,0,"N"
"PER.6_1",NA,NA,NA,0,0,0,61,61,61,0,"N"
"PER.7_1",0.0189830427762622,0.832901517068443,0.158904735622541,0.2,1,0,53,30,53,7,"N"
"PER.8_1",NA,NA,NA,0,0,0,61,61,61,0,"N"
"PER.9_1",NA,NA,NA,0,0,0,61,61,61,0,"N"
"PER.10_1",NA,NA,NA,0,0,0,61,61,61,0,"N"
"PER.11_1",NA,NA,NA,0,0,0,61,61,61,0,"N"
"PER.12_1",NA,NA,NA,0,0,0,61,61,61,0,"N"
"PER.13_1",NA,NA,NA,0,0,0,61,61,61,0,"N"
"PER.14_1",NA,NA,NA,0,0,0,61,61,61,0,"N"
"PER.16_1",0.00012153908759327,0.925641843326712,0.0012139278193444,1.8,2,0,32,5.88888888888889,32,1,"N"
"PER.15_1",NA,NA,NA,0,0,0,61,61,61,0,"N"
"PER.17_1",NA,NA,NA,0,0,0,61,61,61,0,"N"
"PER.18_1",NA,NA,NA,0,0,0,61,61,61,0,"N"
"PER.19_1",NA,NA,NA,0,0,0,61,61,61,0,"N"
"PER.20_1",NA,NA,NA,0,0,0,61,61,61,0,"N"
"PER.21_1",0.0873144294508117,0.910974037877023,0.18615800254763,0.2,1,0,48,30,48,12,"N"
"PER.22_1",0.00000187435588794305,0.900835167838505,0.000273007619933951,4,5,0,31,4.16666666666667,31,0,"N"
"PER.23_1",NA,NA,NA,0,0,0,61,61,61,0,"N"
"PER.24_1",NA,NA,NA,0,0,0,61,61,61,0,"N"
"PER.25_1",NA,NA,NA,0,0,0,61,61,61,0,"N"
"PER.26_1",NA,NA,NA,0,0,0,61,61,61,0,"N"
