"state","chsq.prob","odds","pval","cases_yearly","max_cases_monthly","cases_2years","max_gaplength","mean_gaplength","t_since_last_case","t_nocase_prior_lastcase","consecutive_cases_2yr"
"PRY.1_1",NA,NA,NA,0,0,0,61,61,61,0,"N"
"PRY.2_1",NA,NA,NA,0,0,0,61,61,61,0,"N"
"PRY.3_1",NA,NA,NA,0,0,0,61,61,61,0,"N"
"PRY.4_1",NA,NA,NA,0,0,0,61,61,61,0,"N"
"PRY.5_1",0.305800648120833,0.954767258462889,0.346263614163528,0.2,1,0,41,30,41,19,"N"
"PRY.6_1",NA,NA,NA,0,0,0,61,61,61,0,"N"
"PRY.7_1",0.000000842691271984997,0.86622364176019,0.00103525744511238,1.6,1,0,38,5.88888888888889,38,5,"N"
"PRY.8_1",NA,NA,NA,0,0,0,61,61,61,0,"N"
"PRY.9_1",0.00373709880580497,0.910609768292601,0.0237370303360596,0.6,1,0,40,14.5,40,5,"N"
"PRY.10_1",NA,NA,NA,0,0,0,61,61,61,0,"N"
"PRY.11_1",NA,NA,NA,0,0,0,61,61,61,0,"N"
"PRY.12_1",0.0000010567718176091,1.42480149063197e-20,0.999534662918298,0.4,1,0,57,19.6666666666667,57,0,"N"
"PRY.13_1",NA,NA,NA,0,0,0,61,61,61,0,"N"
"PRY.14_1",NA,NA,NA,0,0,0,61,61,61,0,"N"
"PRY.15_1",NA,NA,NA,0,0,0,61,61,61,0,"N"
"PRY.16_1",0.00318220963623628,0.663250338741684,0.161936990083143,0.2,1,0,56,30,56,4,"N"
"PRY.17_1",0.933794788370275,0.996554330136858,0.933828984338662,0.2,1,0,30,30,30,30,"N"
"PRY.18_1",NA,NA,NA,0,0,0,61,61,61,0,"N"
